2013/02/05,1.480,1.510,1.370,1.380,4867699,703288000.00
2013/02/06,1.420,1.450,1.400,1.410,748599,106282040.00
2013/02/07,1.410,1.420,1.310,1.350,554119,75482880.00
2013/02/08,1.340,1.400,1.320,1.380,188919,25820580.00
2013/02/14,1.380,1.410,1.360,1.400,131909,18205100.00
2013/02/15,1.400,1.430,1.390,1.420,120799,17019160.00
2013/02/18,1.430,1.520,1.410,1.520,746899,110787104.00
2013/02/19,1.530,1.540,1.430,1.440,465639,69254384.00
2013/02/20,1.450,1.470,1.440,1.460,177239,25792060.00
2013/02/21,1.440,1.440,1.390,1.420,217549,30577150.00
2013/02/22,1.410,1.420,1.370,1.370,199439,27833280.00
2013/02/25,1.390,1.400,1.320,1.320,201819,27082400.00
2013/02/26,1.300,1.320,1.210,1.230,297839,37723080.00
2013/02/27,1.250,1.290,1.230,1.290,107139,13570340.00
2013/02/28,1.300,1.340,1.270,1.310,146509,19198360.00
2013/03/01,1.290,1.380,1.270,1.370,129959,17178160.00
2013/03/04,1.360,1.360,1.320,1.350,60439,8097740.00
2013/03/05,1.350,1.360,1.330,1.350,47659,6427980.00
2013/03/06,1.360,1.370,1.340,1.360,66279,8976300.00
2013/03/07,1.350,1.360,1.340,1.350,19599,2639320.00
2013/03/08,1.340,1.370,1.340,1.360,55599,7519620.00
2013/03/11,1.350,1.400,1.350,1.350,29519,4048760.00
2013/03/12,1.350,1.360,1.260,1.260,57799,7474840.00
2013/03/13,1.260,1.270,1.190,1.200,117999,14429380.00
2013/03/14,1.200,1.230,1.170,1.210,46779,5590820.00
2013/03/15,1.240,1.250,1.190,1.200,35579,4292240.00
2013/03/18,1.180,1.180,1.090,1.110,67979,7586420.00
2013/03/19,1.110,1.130,1.100,1.100,21059,2342240.00
2013/03/20,1.120,1.130,1.100,1.120,15639,1750720.00
2013/03/21,1.120,1.120,1.010,1.030,161959,16831320.00
2013/03/22,1.000,1.070,1.000,1.070,47719,4967000.00
2013/03/25,1.070,1.080,1.040,1.040,30839,3254320.00
2013/03/26,1.020,1.030,0.960,0.960,105399,10343740.00
2013/03/27,0.980,0.990,0.920,0.940,87879,8283800.00
2013/03/28,0.930,0.980,0.920,0.960,46819,4448960.00
2013/04/02,0.960,0.960,0.930,0.950,21979,2087700.00
2013/04/03,0.940,0.950,0.930,0.930,12859,1208900.00
2013/04/05,0.920,0.920,0.830,0.840,99979,8548840.00
2013/04/08,0.850,0.910,0.830,0.900,34379,2999460.00
2013/04/09,0.900,0.970,0.890,0.970,74639,6986600.00
2013/04/10,0.990,1.060,0.980,1.010,157059,16029870.00
2013/04/11,1.010,1.020,0.930,0.940,86059,8244880.00
2013/04/12,0.970,0.980,0.940,0.960,122159,11750380.00
2013/04/15,0.960,0.970,0.940,0.950,43159,4104880.00
2013/04/16,0.940,0.980,0.920,0.960,38939,3697840.00
2013/04/17,0.960,1.010,0.960,1.000,57139,5644900.00
2013/04/18,1.000,1.010,0.970,0.990,78139,7710500.00
2013/04/19,0.990,1.010,0.970,1.000,56359,5600420.00
2013/04/22,0.980,1.010,0.970,0.990,27059,2694700.00
2013/04/23,0.980,0.990,0.970,0.980,21299,2082320.00
2013/04/24,0.980,1.050,0.970,1.020,118059,12073480.00
2013/04/25,1.030,1.040,1.000,1.010,38379,3921500.00
2013/04/26,1.010,1.030,0.950,0.960,163479,16167740.00
2013/04/29,0.970,0.980,0.940,0.950,30299,2895760.00
2013/04/30,0.950,0.960,0.930,0.950,43999,4158780.00
2013/05/02,0.930,0.970,0.930,0.970,14739,1405600.00
2013/05/03,0.970,0.980,0.950,0.950,13279,1280420.00
2013/05/06,0.950,0.970,0.950,0.950,17559,1673280.00
2013/05/07,0.950,0.970,0.950,0.960,14519,1392860.00
2013/05/08,0.970,0.970,0.940,0.960,67499,6446140.00
2013/05/09,0.970,1.020,0.950,1.000,84739,8443780.00
2013/05/10,1.010,1.010,0.980,0.990,17399,1723900.00
2013/05/13,0.990,0.990,0.970,0.970,8879,871000.00
2013/05/14,0.970,0.980,0.970,0.970,12979,1260940.00
2013/05/15,0.980,0.980,0.960,0.970,17979,1731380.00
2013/05/16,0.970,1.010,0.960,0.980,84559,8352920.00
2013/05/20,0.960,0.980,0.960,0.970,10339,1007420.00
2013/05/21,0.970,0.980,0.950,0.960,21479,2064720.00
2013/05/22,0.960,0.970,0.940,0.950,25599,2439420.00
2013/05/23,0.950,0.960,0.910,0.920,49569,4613420.00
2013/05/24,0.920,0.930,0.870,0.890,83299,7436120.00
2013/05/27,0.900,0.900,0.870,0.890,59299,5232160.00
2013/05/28,0.880,0.880,0.860,0.870,78439,6821360.00
2013/05/29,0.870,0.880,0.830,0.840,111279,9523480.00
2013/05/30,0.840,0.840,0.800,0.820,87039,7128240.00
2013/05/31,0.830,0.870,0.820,0.850,179739,15102500.00
2013/06/03,0.840,0.860,0.820,0.840,46899,3961880.00
2013/06/04,0.840,0.860,0.840,0.850,29219,2491060.00
2013/06/05,0.850,0.870,0.850,0.850,46299,3977200.00
2013/06/06,0.840,0.850,0.840,0.850,15869,1348130.00
2013/06/07,0.860,0.860,0.840,0.860,30679,2626160.00
2013/06/10,0.850,0.870,0.850,0.850,13899,1189560.00
2013/06/11,0.850,0.850,0.830,0.850,40399,3397860.00
2013/06/13,0.840,0.840,0.800,0.840,41139,3381100.00
2013/06/14,0.840,0.840,0.820,0.820,23739,1954440.00
2013/06/17,0.810,0.820,0.800,0.820,11319,920140.00
2013/06/18,0.810,0.830,0.810,0.830,8059,663380.00
2013/06/19,0.830,0.830,0.810,0.820,25239,2049160.00
2013/06/20,0.800,0.800,0.780,0.790,25419,2014500.00
2013/06/21,0.770,0.800,0.770,0.800,18699,1468800.00
2013/06/24,0.780,0.780,0.750,0.770,71519,5495180.00
2013/06/25,0.770,0.770,0.720,0.750,20499,1524300.00
2013/06/26,0.750,0.770,0.740,0.750,39159,2948980.00
2013/06/27,0.750,0.760,0.740,0.740,24419,1832140.00
2013/06/28,0.750,0.780,0.750,0.770,18759,1439380.00
2013/07/02,0.780,0.810,0.780,0.800,22939,1833140.00
2013/07/03,0.800,0.800,0.790,0.790,21239,1687640.00
2013/07/04,0.820,0.830,0.800,0.800,19479,1591180.00
2013/07/05,0.800,0.820,0.800,0.800,10299,828780.00
2013/07/08,0.800,0.800,0.790,0.790,5939,474620.00
2013/07/09,0.790,0.810,0.790,0.810,13919,1110580.00
2013/07/10,0.810,0.810,0.780,0.800,11459,913120.00
2013/07/11,0.800,0.820,0.790,0.820,13339,1074820.00
2013/07/12,0.800,0.830,0.800,0.810,11879,964600.00
2013/07/15,0.810,0.820,0.800,0.810,12259,990040.00
2013/07/16,0.800,0.810,0.800,0.810,5329,428770.00
2013/07/17,0.800,0.850,0.800,0.850,30879,2585900.00
2013/07/18,0.850,0.860,0.840,0.850,14299,1203320.00
2013/07/19,0.850,0.860,0.830,0.830,18119,1526140.00
2013/07/22,0.830,0.840,0.810,0.830,27799,2300960.00
2013/07/23,0.840,0.850,0.830,0.840,22119,1848500.00
2013/07/24,0.830,0.860,0.830,0.850,19839,1676680.00
2013/07/25,0.840,0.850,0.830,0.850,28319,2372860.00
2013/07/26,0.830,0.840,0.810,0.820,18079,1493480.00
2013/07/29,0.810,0.820,0.800,0.820,7919,638420.00
2013/07/30,0.810,0.830,0.810,0.830,4499,368740.00
2013/07/31,0.820,0.840,0.820,0.830,10319,856740.00
2013/08/01,0.840,0.840,0.780,0.780,25249,2015110.00
2013/08/02,0.790,0.800,0.780,0.790,9879,780780.00
2013/08/05,0.790,0.790,0.770,0.770,23859,1859800.00
2013/08/06,0.770,0.790,0.760,0.780,3979,308940.00
2013/08/07,0.780,0.790,0.780,0.790,11299,891500.00
2013/08/08,0.790,0.800,0.780,0.790,12979,1027320.00
2013/08/09,0.790,0.810,0.790,0.800,17559,1416520.00
2013/08/12,0.790,0.800,0.770,0.780,34579,2698780.00
2013/08/13,0.790,0.810,0.780,0.800,13359,1063020.00
2013/08/15,0.790,0.810,0.790,0.810,14919,1203420.00
2013/08/16,0.800,0.810,0.790,0.810,7639,617860.00
2013/08/19,0.800,0.820,0.800,0.820,12939,1054440.00
2013/08/20,0.810,0.810,0.780,0.800,20439,1630100.00
2013/08/21,0.790,0.810,0.780,0.800,8979,718660.00
2013/08/22,0.780,0.840,0.780,0.840,21159,1741060.00
2013/08/23,0.830,0.830,0.810,0.820,3359,277600.00
2013/08/26,0.820,0.920,0.820,0.910,117019,10418700.00
2013/08/27,0.920,0.950,0.890,0.920,50199,4579740.00
2013/08/28,0.890,0.910,0.880,0.890,25359,2274680.00
2013/08/29,0.910,0.920,0.900,0.900,28399,2592940.00
2013/08/30,0.920,0.930,0.880,0.890,25699,2308580.00
2013/09/02,0.910,0.950,0.900,0.950,76179,7109500.00
2013/09/03,0.960,0.980,0.950,0.970,36339,3498280.00
2013/09/04,0.960,0.980,0.950,0.970,22079,2128980.00
2013/09/05,0.970,0.970,0.950,0.950,35539,3393660.00
2013/09/06,0.960,1.020,0.950,1.020,122579,12268500.00
2013/09/09,1.020,1.070,0.990,1.070,86199,8961980.00
2013/09/10,1.070,1.070,1.040,1.060,41079,4323260.00
2013/09/11,1.060,1.070,1.030,1.040,16199,1702320.00
2013/09/12,1.040,1.040,0.950,1.000,47399,4764520.00
2013/09/13,1.000,1.010,0.980,0.990,8099,806400.00
2013/09/16,1.010,1.040,0.970,1.020,19179,1938580.00
2013/09/17,1.050,1.060,1.000,1.000,17799,1840360.00
2013/09/18,1.000,1.000,1.000,1.000,15879,1588000.00
2013/09/19,1.010,1.020,0.990,1.010,11619,1167360.00
2013/09/23,0.990,1.010,0.990,1.000,10339,1033700.00
2013/09/24,1.000,1.100,0.990,1.080,88879,9484580.00
2013/09/25,1.080,1.080,1.060,1.070,25279,2712140.00
2013/09/26,1.060,1.070,1.050,1.050,22619,2384440.00
2013/09/27,1.070,1.130,1.050,1.090,163999,17995800.00
2013/09/30,1.090,1.190,1.080,1.170,165859,18960520.00
2013/10/02,1.220,1.290,1.200,1.210,288539,36123500.00
2013/10/03,1.210,1.230,1.140,1.160,111179,13071340.00
2013/10/04,1.140,1.180,1.140,1.170,24899,2902520.00
2013/10/07,1.180,1.190,1.170,1.190,24139,2839500.00
2013/10/08,1.190,1.240,1.160,1.230,59439,7062520.00
2013/10/09,1.220,1.240,1.180,1.190,15039,1807600.00
2013/10/10,1.210,1.210,1.170,1.180,17559,2076180.00
2013/10/11,1.190,1.210,1.160,1.210,25279,3018520.00
2013/10/15,1.210,1.210,1.170,1.170,22099,2604780.00
2013/10/16,1.160,1.180,1.160,1.170,8619,1005520.00
2013/10/17,1.170,1.180,1.160,1.170,13359,1565100.00
2013/10/18,1.170,1.170,1.110,1.120,43580,4943864.00
2013/10/21,1.110,1.110,1.070,1.070,43859,4762060.00
2013/10/22,1.070,1.090,1.050,1.070,40259,4312460.00
2013/10/23,1.070,1.080,1.050,1.050,45079,4758160.00
2013/10/24,1.050,1.090,1.050,1.090,16179,1733440.00
2013/10/25,1.090,1.090,1.050,1.060,15359,1636060.00
2013/10/28,1.060,1.110,1.060,1.090,12599,1383320.00
2013/10/29,1.100,1.140,1.090,1.090,15879,1751540.00
2013/10/30,1.090,1.100,1.070,1.100,8859,969280.06
2013/10/31,1.080,1.140,1.080,1.120,13899,1550560.13
2013/11/01,1.120,1.120,1.110,1.120,7299,814040.06
2013/11/04,1.130,1.150,1.120,1.120,8660,978202.63
2013/11/05,1.120,1.170,1.110,1.160,30802,3511379.25
2013/11/06,1.160,1.180,1.150,1.170,28749,3370800.25
2013/11/07,1.180,1.210,1.180,1.190,56289,6738270.50
2013/11/08,1.170,1.190,1.140,1.160,36259,4197520.00
2013/11/11,1.170,1.170,1.140,1.150,11879,1374640.13
2013/11/12,1.180,1.200,1.150,1.190,27919,3279460.25
2013/11/13,1.180,1.190,1.150,1.180,19119,2240700.00
2013/11/14,1.200,1.200,1.160,1.170,21399,2518880.00
2013/11/15,1.180,1.190,1.170,1.190,23099,2728340.25
2013/11/18,1.210,1.280,1.210,1.270,181759,22801822.00
2013/11/19,1.270,1.290,1.200,1.240,85259,10612701.00
2013/11/20,1.190,1.220,1.160,1.220,44259,5277540.50
2013/11/21,1.210,1.210,1.180,1.190,24019,2861980.25
2013/11/22,1.200,1.200,1.160,1.180,15639,1829680.13
2013/11/25,1.170,1.180,1.160,1.160,16359,1908780.13
2013/11/26,1.150,1.160,1.100,1.140,24359,2761560.25
2013/11/27,1.160,1.180,1.120,1.140,9039,1032300.06
2013/11/28,1.140,1.150,1.100,1.130,16979,1910540.13
2013/11/29,1.130,1.160,1.130,1.150,8779,1001960.06
2013/12/02,1.150,1.150,1.130,1.140,8559,975480.06
2013/12/03,1.120,1.130,1.110,1.130,6299,706900.06
2013/12/04,1.130,1.150,1.110,1.150,12719,1443880.13
2013/12/05,1.150,1.150,1.130,1.130,2419,276520.00
2013/12/06,1.130,1.140,1.130,1.130,5559,628900.00
2013/12/09,1.130,1.140,1.110,1.140,2639,297600.00
2013/12/10,1.140,1.140,1.110,1.140,5819,651960.00
2013/12/11,1.090,1.120,1.090,1.120,6059,668560.06
2013/12/12,1.100,1.110,1.090,1.110,3319,364960.03
2013/12/13,1.090,1.100,1.070,1.080,6959,752460.06
2013/12/16,1.070,1.100,1.070,1.090,4259,464340.03
2013/12/17,1.110,1.110,1.070,1.080,4119,444620.03
2013/12/18,1.070,1.070,1.040,1.060,19159,2003840.13
2013/12/19,1.040,1.040,1.000,1.010,33239,3363900.25
2013/12/20,1.010,1.020,0.990,1.020,7279,732300.06
2013/12/23,1.020,1.030,1.020,1.020,2199,225460.02
2013/12/24,1.010,1.020,1.000,1.020,8479,852560.06
2013/12/27,1.010,1.050,1.010,1.040,3199,330620.03
2013/12/30,1.040,1.120,1.040,1.110,17199,1884140.13
2013/12/31,1.100,1.100,1.080,1.080,3859,418720.03
2014/01/02,1.080,1.110,1.070,1.090,7439,816520.06
2014/01/03,1.070,1.090,1.070,1.090,2699,291480.00
2014/01/06,1.080,1.090,1.060,1.060,3619,388480.03
2014/01/07,1.070,1.070,1.020,1.060,21919,2293380.00
2014/01/08,1.040,1.060,1.040,1.060,7319,771480.06
2014/01/09,1.060,1.060,1.050,1.050,7018,738189.13
2014/01/10,1.020,1.070,1.020,1.060,31599,3346800.25
2014/01/13,1.070,1.160,1.070,1.130,33929,3810850.25
2014/01/14,1.110,1.140,1.110,1.140,14359,1612760.13
2014/01/15,1.140,1.180,1.130,1.150,27119,3158240.25
2014/01/16,1.160,1.170,1.140,1.140,10859,1255340.00
2014/01/17,1.130,1.190,1.130,1.170,32719,3837640.25
2014/01/20,1.170,1.190,1.150,1.150,18079,2101120.00
2014/01/21,1.140,1.150,1.120,1.140,14219,1616860.13
2014/01/22,1.120,1.190,1.120,1.180,23419,2726500.25
2014/01/23,1.180,1.180,1.150,1.170,6379,741440.06
2014/01/24,1.160,1.190,1.150,1.170,9839,1147040.00
2014/01/27,1.140,1.160,1.110,1.150,24559,2799480.25
2014/01/28,1.130,1.150,1.130,1.130,2539,287060.00
2014/01/29,1.160,1.170,1.140,1.150,2979,342880.03
2014/01/30,1.140,1.140,1.120,1.140,1939,219800.02
2014/02/04,1.130,1.130,1.100,1.120,13799,1533620.13
2014/02/05,1.090,1.120,1.090,1.100,21339,2357120.00
2014/02/06,1.100,1.120,1.100,1.110,2939,326200.00
2014/02/07,1.100,1.170,1.100,1.170,10239,1181500.00
2014/02/10,1.180,1.220,1.160,1.190,18259,2174640.00
2014/02/11,1.190,1.210,1.150,1.180,6799,800420.06
2014/02/12,1.170,1.190,1.160,1.180,7579,890120.06
2014/02/13,1.170,1.180,1.150,1.160,6239,726580.06
2014/02/14,1.180,1.200,1.170,1.190,48459,5760280.50
2014/02/17,1.190,1.190,1.170,1.170,8699,1024700.06
2014/02/18,1.150,1.190,1.150,1.180,4739,556960.00
2014/02/19,1.170,1.180,1.140,1.180,17027,1975922.13
2014/02/20,1.140,1.180,1.140,1.160,10959,1276720.00
2014/02/21,1.150,1.180,1.140,1.170,6939,806080.06
2014/02/24,1.160,1.170,1.150,1.170,6739,779820.06
2014/02/25,1.150,1.180,1.150,1.170,8679,1014540.06
2014/02/26,1.170,1.180,1.130,1.180,43599,5052380.00
2014/02/27,1.180,1.330,1.180,1.230,429079,54129064.00
2014/02/28,1.250,1.280,1.190,1.200,54059,6604000.50
2014/03/03,1.200,1.210,1.140,1.150,42259,4943080.00
2014/03/04,1.150,1.150,1.100,1.110,42159,4740700.00
2014/03/05,1.130,1.140,1.120,1.130,12279,1389060.13
2014/03/06,1.130,1.140,1.100,1.130,11999,1341040.13
2014/03/07,1.150,1.150,1.110,1.120,21199,2367180.00
2014/03/10,1.110,1.120,1.080,1.100,23599,2582500.00
2014/03/11,1.150,1.170,1.090,1.110,97079,10880721.00
2014/03/12,1.110,1.110,1.040,1.050,57219,6077376.50
2014/03/13,1.050,1.080,1.010,1.020,30599,3162020.25
2014/03/14,1.020,1.040,1.010,1.010,18419,1877120.13
2014/03/17,1.010,1.050,1.010,1.040,8139,842720.06
2014/03/18,1.040,1.040,1.020,1.030,14919,1540280.13
2014/03/19,1.020,1.040,1.020,1.040,11219,1156380.00
2014/03/20,1.030,1.050,1.010,1.030,17539,1795020.13
2014/03/21,1.020,1.040,1.020,1.030,13039,1349580.13
2014/03/24,1.030,1.040,1.020,1.020,3799,389760.03
2014/03/25,1.020,1.040,0.990,1.010,38739,3885720.25
2014/03/26,0.990,1.020,0.990,1.020,13819,1393400.13
2014/03/27,1.000,1.010,0.990,1.000,34779,3487120.25
2014/03/28,1.000,1.040,1.000,1.030,13659,1410040.13
2014/03/31,1.040,1.070,1.030,1.070,17599,1844500.13
2014/04/01,1.060,1.060,1.030,1.040,5179,536560.00
2014/04/02,1.050,1.060,1.040,1.050,12879,1354260.13
2014/04/03,1.050,1.090,1.050,1.080,29599,3187980.25
2014/04/04,1.080,1.090,1.060,1.060,8339,897820.06
2014/04/07,1.050,1.060,1.030,1.050,8499,892400.06
2014/04/08,1.040,1.070,1.040,1.060,15379,1621040.13
2014/04/09,1.050,1.070,1.020,1.060,11979,1260840.00
2014/04/10,1.050,1.070,1.050,1.060,4739,502260.03
2014/04/11,1.040,1.050,1.020,1.040,5019,516920.03
2014/04/14,1.030,1.050,1.030,1.050,2679,276360.00
2014/04/15,1.050,1.050,1.010,1.020,15179,1551040.13
2014/04/16,1.010,1.040,1.010,1.030,1939,199420.02
2014/04/17,1.030,1.040,1.020,1.040,1259,129640.01
2014/04/22,1.040,1.050,1.020,1.050,7659,793740.06
2014/04/23,1.050,1.050,1.030,1.050,1639,170220.02
2014/04/24,1.040,1.060,1.030,1.060,3859,404600.03
2014/04/25,1.050,1.060,1.030,1.050,8999,946420.06
2014/04/28,1.030,1.040,1.020,1.030,8039,826840.06
2014/04/29,1.020,1.020,1.000,1.020,10119,1024020.06
2014/04/30,1.020,1.050,1.010,1.050,8119,841000.06
2014/05/02,1.020,1.050,1.020,1.040,2599,267860.00
2014/05/05,1.030,1.040,1.030,1.040,3299,340020.03
2014/05/07,1.030,1.030,1.020,1.030,8019,819420.06
2014/05/08,1.030,1.030,1.020,1.030,4839,495120.03
2014/05/09,1.020,1.030,1.020,1.030,2919,298140.00
2014/05/12,1.020,1.040,1.020,1.030,7019,720220.06
2014/05/13,1.040,1.070,1.030,1.050,12539,1320700.13
2014/05/14,1.050,1.050,1.030,1.030,2026,212487.89
2014/05/15,1.030,1.040,1.020,1.030,1659,171040.02
2014/05/16,1.020,1.030,1.010,1.030,8279,845520.06
2014/05/19,1.020,1.030,1.020,1.030,279,28600.00
2014/05/20,1.030,1.040,1.020,1.030,3859,395360.03
2014/05/21,1.020,1.030,1.010,1.030,2239,228560.02
2014/05/22,1.030,1.040,1.010,1.040,4959,510740.03
2014/05/23,1.040,1.050,1.030,1.040,9059,944640.06
2014/05/26,1.040,1.060,1.020,1.040,5099,527640.00
2014/05/27,1.040,1.050,1.020,1.050,5839,603360.00
2014/05/28,1.050,1.050,1.020,1.040,3379,348940.03
2014/05/29,1.040,1.170,1.040,1.080,49679,5466440.50
2014/05/30,1.090,1.120,1.050,1.060,24619,2697600.25
2014/06/03,1.070,1.120,1.070,1.120,12539,1382480.13
2014/06/04,1.110,1.110,1.070,1.110,9119,993460.06
2014/06/05,1.100,1.110,1.090,1.100,4199,464680.03
2014/06/06,1.100,1.110,1.100,1.100,6719,740360.06
2014/06/09,1.090,1.120,1.090,1.090,5419,597540.00
2014/06/10,1.100,1.120,1.100,1.110,5019,559760.00
2014/06/11,1.110,1.130,1.110,1.120,6859,768520.06
2014/06/12,1.140,1.150,1.130,1.140,12199,1390280.13
2014/06/13,1.140,1.150,1.100,1.120,34099,3858840.25
2014/06/16,1.130,1.150,1.130,1.130,5859,671740.06
2014/06/17,1.140,1.160,1.140,1.150,10019,1153660.00
2014/06/18,1.150,1.170,1.150,1.150,12919,1496300.13
2014/06/19,1.160,1.170,1.160,1.160,12319,1431460.13
2014/06/20,1.140,1.160,1.110,1.120,8539,968580.06
2014/06/23,1.120,1.150,1.120,1.120,13339,1520580.13
2014/06/24,1.100,1.120,1.100,1.110,15299,1693664.13
2014/06/25,1.100,1.140,1.100,1.140,8899,992620.06
2014/06/26,1.130,1.140,1.130,1.130,9219,1047400.06
2014/06/27,1.130,1.160,1.130,1.160,6620,761594.63
2014/06/30,1.140,1.150,1.130,1.130,1959,223580.02
2014/07/02,1.140,1.180,1.130,1.170,12839,1498320.13
2014/07/03,1.170,1.200,1.170,1.190,19039,2260960.00
2014/07/04,1.190,1.230,1.170,1.220,23719,2855040.25
2014/07/07,1.170,1.200,1.170,1.180,11979,1412960.13
2014/07/08,1.190,1.200,1.160,1.160,8179,954460.06
2014/07/09,1.150,1.150,1.130,1.140,4599,525840.00
2014/07/10,1.140,1.180,1.130,1.140,7219,831660.06
2014/07/11,1.140,1.180,1.120,1.120,12939,1476940.13
2014/07/14,1.150,1.200,1.150,1.190,34379,4052280.25
2014/07/15,1.200,1.230,1.200,1.210,39479,4803700.00
2014/07/16,1.230,1.230,1.180,1.220,28419,3423540.25
2014/07/17,1.210,1.240,1.210,1.230,25159,3094280.25
2014/07/18,1.210,1.220,1.200,1.200,14179,1724240.13
2014/07/21,1.200,1.210,1.180,1.180,5499,656720.00
2014/07/22,1.200,1.210,1.190,1.200,5819,700520.06
2014/07/23,1.220,1.240,1.200,1.240,24059,2944060.25
2014/07/24,1.230,1.260,1.220,1.260,46359,5789000.50
2014/07/25,1.260,1.330,1.260,1.310,65579,8529880.00
2014/07/28,1.300,1.360,1.280,1.290,48799,6474880.50
2014/07/29,1.300,1.340,1.290,1.310,32439,4261160.00
2014/07/30,1.300,1.310,1.270,1.310,18039,2327280.00
2014/07/31,1.320,1.320,1.280,1.300,32039,4163900.25
2014/08/01,1.330,1.350,1.260,1.270,41259,5305040.50
2014/08/04,1.270,1.290,1.270,1.270,10179,1300040.00
2014/08/05,1.270,1.270,1.210,1.270,11699,1459260.13
2014/08/06,1.270,1.290,1.230,1.290,14919,1898910.13
2014/08/07,1.270,1.300,1.270,1.290,3799,488260.03
2014/08/08,1.280,1.290,1.250,1.280,5419,685400.06
2014/08/11,1.300,1.300,1.250,1.260,7259,913740.06
2014/08/12,1.260,1.270,1.220,1.220,13839,1710580.13
2014/08/13,1.210,1.260,1.210,1.250,13139,1622400.13
2014/08/14,1.250,1.260,1.230,1.250,11579,1450680.13
2014/08/15,1.250,1.260,1.230,1.260,3439,432320.03
2014/08/18,1.260,1.260,1.230,1.250,4759,593440.00
2014/08/19,1.250,1.260,1.230,1.250,4719,587380.00
2014/08/20,1.240,1.260,1.240,1.260,9559,1203460.00
2014/08/21,1.250,1.280,1.240,1.240,6759,856740.06
2014/08/22,1.230,1.260,1.230,1.260,2379,297320.00
2014/08/25,1.260,1.260,1.220,1.220,9599,1181960.00
2014/08/26,1.220,1.230,1.190,1.190,21979,2648280.25
2014/08/27,1.180,1.270,1.160,1.260,24699,3073520.25
2014/08/28,1.250,1.260,1.220,1.240,10779,1344600.13
2014/08/29,1.250,1.290,1.230,1.280,24379,3099980.25
2014/09/01,1.280,1.290,1.270,1.280,4599,591900.00
2014/09/02,1.280,1.300,1.250,1.260,13539,1717860.13
2014/09/03,1.270,1.310,1.270,1.280,24379,3147040.25
2014/09/04,1.300,1.350,1.300,1.330,57919,7715720.50
2014/09/05,1.330,1.340,1.310,1.310,4499,592440.00
2014/09/08,1.320,1.360,1.300,1.350,26179,3498060.25
2014/09/10,1.350,1.440,1.320,1.440,78895,11083096.00
2014/09/11,1.480,1.480,1.390,1.400,60299,8639200.00
2014/09/12,1.400,1.400,1.350,1.380,27319,3747340.25
2014/09/15,1.360,1.380,1.360,1.360,9879,1355680.13
2014/09/16,1.350,1.390,1.350,1.360,3419,464860.03
2014/09/17,1.360,1.380,1.360,1.380,5499,750980.06
2014/09/18,1.340,1.370,1.340,1.360,10339,1409520.13
2014/09/19,1.360,1.360,1.340,1.350,8239,1114620.00
2014/09/22,1.330,1.350,1.300,1.350,6719,889300.06
2014/09/23,1.330,1.360,1.330,1.340,9519,1281080.00
2014/09/24,1.340,1.340,1.320,1.340,7339,976980.06
2014/09/25,1.340,1.370,1.340,1.340,9139,1238580.00
2014/09/26,1.330,1.410,1.330,1.400,35039,4865980.00
2014/09/29,1.390,1.400,1.260,1.310,65319,8687980.00
2014/09/30,1.310,1.330,1.260,1.290,18979,2445000.00
2014/10/03,1.280,1.310,1.260,1.310,16939,2188880.00
2014/10/06,1.310,1.310,1.280,1.290,12079,1563972.13
2014/10/07,1.290,1.300,1.270,1.280,21779,2797920.25
2014/10/08,1.260,1.290,1.260,1.270,8279,1057660.00
2014/10/09,1.270,1.290,1.260,1.290,37859,4790080.00
2014/10/10,1.270,1.280,1.240,1.270,31859,3979580.25
2014/10/13,1.280,1.290,1.240,1.250,4159,524760.00
2014/10/14,1.250,1.270,1.210,1.210,13179,1650960.13
2014/10/15,1.210,1.270,1.210,1.250,9159,1152260.00
2014/10/16,1.260,1.290,1.240,1.250,14059,1783260.13
2014/10/17,1.250,1.260,1.250,1.250,5179,648460.00
2014/10/20,1.240,1.250,1.240,1.260,399,49900.00
2014/10/21,1.230,1.320,1.210,1.250,55779,6965660.50
2014/10/22,1.270,1.280,1.250,1.250,6319,794120.06
2014/10/23,1.270,1.290,1.270,1.280,6459,823620.06
2014/10/24,1.290,1.330,1.280,1.310,32239,4230240.00
2014/10/27,1.320,1.330,1.270,1.270,16199,2094060.13
2014/10/28,1.270,1.300,1.270,1.300,2699,345100.03
2014/10/29,1.320,1.320,1.280,1.290,5659,734840.06
2014/10/30,1.290,1.310,1.270,1.280,23659,3027320.25
2014/10/31,1.300,1.310,1.260,1.310,16059,2073920.13
2014/11/03,1.310,1.310,1.290,1.310,879,114360.01
2014/11/04,1.310,1.330,1.300,1.310,14719,1944880.13
2014/11/05,1.310,1.320,1.310,1.310,4599,605580.00
2014/11/06,1.300,1.320,1.290,1.310,3139,411720.03
2014/11/07,1.300,1.330,1.300,1.310,4599,606680.00
2014/11/10,1.330,1.340,1.310,1.330,10919,1449440.13
2014/11/11,1.330,1.330,1.290,1.300,10079,1317280.13
2014/11/12,1.300,1.300,1.270,1.290,34759,4467340.00
2014/11/13,1.300,1.310,1.280,1.280,8419,1091220.00
2014/11/14,1.280,1.320,1.280,1.310,9879,1292740.00
2014/11/17,1.310,1.310,1.290,1.300,5559,725280.06
2014/11/18,1.300,1.330,1.280,1.310,3119,405060.03
2014/11/19,1.300,1.300,1.290,1.300,2579,333720.03
2014/11/20,1.300,1.320,1.290,1.290,2939,382460.03
2014/11/21,1.290,1.310,1.290,1.300,5819,755740.06
2014/11/24,1.310,1.320,1.250,1.270,24639,3143760.25
2014/11/25,1.280,1.290,1.280,1.290,54239,6944780.50
2014/11/26,1.290,1.290,1.240,1.260,28679,3608280.25
2014/11/27,1.270,1.270,1.240,1.270,20319,2544340.00
2014/11/28,1.230,1.240,1.140,1.190,55279,6559740.50
2014/12/01,1.180,1.190,1.160,1.170,9179,1075140.00
2014/12/02,1.180,1.180,1.160,1.160,4799,561360.00
2014/12/03,1.170,1.170,1.120,1.130,16439,1879180.13
2014/12/04,1.110,1.160,1.070,1.150,84839,9349960.00
2014/12/05,1.150,1.150,1.100,1.150,4439,501360.03
2014/12/08,1.150,1.180,1.050,1.130,18319,2010800.13
2014/12/09,1.170,1.180,1.090,1.120,5919,658440.06
2014/12/10,1.110,1.130,1.110,1.130,2159,242000.02
2014/12/11,1.130,1.130,1.080,1.100,7639,837560.06
2014/12/12,1.100,1.100,1.050,1.080,17899,1907340.13
2014/12/15,1.060,1.060,1.020,1.050,38479,3984400.25
2014/12/16,1.030,1.050,1.010,1.040,17099,1759900.13
2014/12/17,1.030,1.070,1.030,1.060,11079,1162340.00
2014/12/18,1.040,1.100,1.040,1.070,8299,896500.06
2014/12/19,1.070,1.090,1.070,1.080,1799,192860.02
2014/12/22,1.080,1.080,1.080,1.080,1899,205200.02
2014/12/23,1.080,1.080,1.040,1.040,1719,181660.02
2014/12/24,1.040,1.100,1.040,1.100,3379,364940.03
2014/12/29,1.070,1.100,1.060,1.080,6599,718400.06
2014/12/30,1.090,1.110,1.090,1.110,5499,606360.00
2014/12/31,1.110,1.160,1.090,1.130,12559,1428840.13
2015/01/02,1.130,1.170,1.130,1.160,6099,708140.06
2015/01/05,1.180,1.180,1.090,1.120,2179,248600.02
2015/01/06,1.090,1.100,1.090,1.100,1699,186660.02
2015/01/07,1.090,1.150,1.080,1.120,4779,533860.00
2015/01/08,1.120,1.120,1.090,1.100,1599,178020.02
2015/01/09,1.100,1.100,1.090,1.090,4059,443340.03
2015/01/12,1.080,1.080,1.060,1.070,3539,378660.03
2015/01/13,1.100,1.110,1.100,1.100,16759,1843880.13
2015/01/14,1.100,1.100,1.090,1.100,4479,492740.03
2015/01/15,1.100,1.100,1.080,1.080,2299,249080.02
2015/01/16,1.070,1.100,1.040,1.060,22779,2404900.00
2015/01/19,1.040,1.050,1.030,1.040,13519,1407040.13
2015/01/20,1.090,1.100,1.080,1.080,8339,906680.06
2015/01/21,1.080,1.090,1.050,1.070,10019,1065040.00
2015/01/22,1.080,1.100,1.060,1.090,6039,656500.00
2015/01/23,1.110,1.110,1.060,1.090,33119,3599300.25
2015/01/26,1.080,1.090,1.060,1.080,6119,663320.06
2015/01/27,1.080,1.090,1.070,1.070,2159,232340.02
2015/01/28,1.080,1.080,1.060,1.070,7419,794140.06
2015/01/29,1.070,1.080,1.040,1.080,15739,1662360.13
2015/01/30,1.080,1.080,1.030,1.040,20019,2089980.13
2015/02/02,1.030,1.040,1.020,1.030,9799,1009480.06
2015/02/03,1.030,1.060,1.020,1.060,2739,286880.00
2015/02/04,1.060,1.090,1.050,1.050,9559,1015560.06
2015/02/05,1.050,1.060,1.030,1.040,9619,1002220.06
2015/02/06,1.040,1.050,1.030,1.050,15979,1676280.13
2015/02/09,1.040,1.040,1.030,1.040,8059,833180.06
2015/02/10,1.050,1.050,1.030,1.040,12179,1254900.00
2015/02/11,1.040,1.040,1.020,1.020,1539,158820.00
2015/02/12,1.030,1.050,1.020,1.030,25119,2573320.00
2015/02/13,1.040,1.050,1.020,1.040,25059,2601500.00
2015/02/16,1.030,1.040,1.020,1.040,2739,282220.00
2015/02/17,1.040,1.040,1.030,1.030,4479,462060.03
2015/02/18,1.050,1.070,1.030,1.050,2539,266220.00
2015/02/23,1.050,1.070,1.040,1.040,5399,566240.00
2015/02/24,1.030,1.070,1.030,1.030,30719,3227120.25
2015/02/25,1.040,1.050,1.040,1.040,5119,535460.00
2015/02/26,1.060,1.090,1.030,1.030,26519,2801980.25
2015/02/27,1.030,1.050,1.020,1.030,39659,4084900.25
2015/03/02,1.030,1.050,1.030,1.050,4979,516480.03
2015/03/03,1.050,1.050,1.030,1.030,4739,490460.03
2015/03/04,1.020,1.030,1.010,1.020,4339,442380.03
2015/03/05,1.010,1.030,1.010,1.020,7679,782700.06
2015/03/06,1.020,1.030,1.010,1.020,7539,771900.06
2015/03/09,1.010,1.040,1.010,1.030,7639,781940.06
2015/03/10,1.030,1.030,1.020,1.030,11779,1206980.00
2015/03/11,1.030,1.030,1.010,1.010,5799,594580.00
2015/03/12,1.010,1.030,1.010,1.020,3619,367240.03
2015/03/13,1.010,1.030,1.010,1.020,4519,461440.03
2015/03/16,1.020,1.030,1.010,1.020,7799,790380.06
2015/03/17,1.020,1.020,1.010,1.010,3919,399080.03
2015/03/18,1.020,1.020,1.010,1.020,5559,566860.00
2015/03/19,1.020,1.030,1.020,1.020,1219,124480.01
2015/03/20,1.010,1.020,1.010,1.010,3419,346300.03
2015/03/23,1.010,1.010,0.990,1.010,12259,1228160.00
2015/03/24,1.010,1.030,1.010,1.010,5739,586180.00
2015/03/25,1.010,1.010,1.000,1.000,2759,277680.00
2015/03/26,0.990,1.000,0.980,1.000,13639,1353560.13
2015/03/27,0.990,1.030,0.980,0.990,25239,2526740.00
2015/03/30,1.000,1.010,0.990,0.990,5959,594300.00
2015/03/31,0.990,1.000,0.960,0.980,21319,2078540.13
2015/04/01,1.000,1.000,0.970,0.980,7659,757460.06
2015/04/02,0.980,0.990,0.970,0.990,3059,300860.00
2015/04/08,0.990,1.100,0.970,1.070,75219,7759960.50
2015/04/09,1.120,1.180,1.070,1.090,56159,6297380.50
2015/04/10,1.100,1.100,1.050,1.100,44659,4754080.00
2015/04/13,1.160,1.180,1.130,1.170,72959,8415860.00
2015/04/14,1.180,1.280,1.160,1.230,108699,13415561.00
2015/04/15,1.240,1.250,1.210,1.250,69239,8551700.00
2015/04/16,1.240,1.250,1.240,1.250,24799,3081220.25
2015/04/17,1.240,1.250,1.240,1.250,31179,3869380.25
2015/04/20,1.200,1.250,1.180,1.230,39519,4853300.00
2015/04/21,1.230,1.230,1.170,1.190,22399,2652080.25
2015/04/22,1.180,1.240,1.180,1.240,49379,6052020.50
2015/04/23,1.250,1.260,1.200,1.250,48359,5969700.50
2015/04/24,1.220,1.250,1.220,1.250,9839,1223700.00
2015/04/27,1.240,1.270,1.240,1.270,26699,3349280.25
2015/04/28,1.270,1.270,1.240,1.240,2859,359460.03
2015/04/29,1.250,1.310,1.250,1.300,36699,4733860.00
2015/04/30,1.280,1.330,1.280,1.310,22039,2885240.25
2015/05/04,1.320,1.360,1.300,1.330,27979,3730680.25
2015/05/05,1.330,1.330,1.250,1.330,14039,1830840.13
2015/05/06,1.320,1.320,1.270,1.280,3259,418500.03
2015/05/07,1.280,1.310,1.270,1.300,15479,1998460.13
2015/05/08,1.290,1.300,1.290,1.300,6619,856647.25
2015/05/11,1.300,1.300,1.280,1.290,5619,729360.06
2015/05/12,1.290,1.300,1.270,1.290,5299,682820.06
2015/05/13,1.290,1.300,1.280,1.280,11939,1538320.13
2015/05/14,1.280,1.310,1.270,1.290,13259,1705800.13
2015/05/15,1.300,1.310,1.290,1.300,16299,2122100.00
2015/05/18,1.300,1.300,1.290,1.300,9539,1239380.00
2015/05/19,1.300,1.400,1.300,1.350,36179,4896500.00
2015/05/20,1.350,1.380,1.320,1.330,5479,736180.06
2015/05/21,1.330,1.350,1.300,1.330,8279,1099840.00
2015/05/22,1.330,1.330,1.300,1.330,6799,899600.06
2015/05/26,1.340,1.390,1.290,1.390,55079,7507500.50
2015/05/27,1.390,1.410,1.360,1.370,15219,2120520.00
2015/05/28,1.350,1.380,1.300,1.330,12299,1640560.13
2015/05/29,1.330,1.400,1.330,1.400,38159,5309340.50
2015/06/01,1.360,1.400,1.360,1.390,14959,2088020.13
2015/06/02,1.360,1.400,1.360,1.390,3439,470500.03
2015/06/03,1.370,1.370,1.330,1.370,2299,314140.00
2015/06/04,1.380,1.380,1.300,1.340,9159,1242020.00
2015/06/05,1.340,1.350,1.320,1.320,2479,329620.03
2015/06/08,1.320,1.340,1.300,1.320,2439,322020.00
2015/06/09,1.310,1.310,1.240,1.290,5979,765160.06
2015/06/10,1.250,1.310,1.250,1.270,4119,526540.00
2015/06/11,1.240,1.300,1.240,1.260,7259,939720.06
2015/06/12,1.230,1.300,1.210,1.260,4379,549940.00
2015/06/15,1.260,1.260,1.250,1.250,15819,1992380.13
2015/06/16,1.260,1.260,1.240,1.240,3279,413080.03
2015/06/17,1.240,1.260,1.230,1.260,5099,634960.00
2015/06/18,1.250,1.290,1.250,1.290,3119,395580.03
2015/06/19,1.290,1.300,1.290,1.300,30779,4000900.25
2015/06/22,1.270,1.300,1.250,1.300,4539,584680.00
2015/06/23,1.300,1.300,1.270,1.290,3959,508560.03
2015/06/24,1.320,1.350,1.270,1.350,5484,721996.00
2015/06/25,1.340,1.340,1.310,1.340,2379,318580.00
2015/06/26,1.340,1.340,1.320,1.320,7519,1007020.06
2015/06/29,1.320,1.320,1.260,1.300,11059,1439020.13
2015/06/30,1.290,1.300,1.260,1.300,28099,3650840.25
2015/07/02,1.300,1.320,1.290,1.310,16559,2152960.00
2015/07/03,1.290,1.310,1.280,1.290,27039,3500840.25
2015/07/06,1.290,1.290,1.170,1.190,9099,1094160.00
2015/07/07,1.190,1.240,1.160,1.190,8299,991000.06
2015/07/08,1.150,1.180,1.090,1.150,22599,2568320.00
2015/07/09,1.150,1.210,1.150,1.200,6899,818130.06
2015/07/10,1.220,1.230,1.190,1.220,13119,1598940.13
2015/07/13,1.180,1.270,1.180,1.270,9899,1195100.00
2015/07/14,1.240,1.300,1.240,1.300,3419,435540.03
2015/07/15,1.320,1.320,1.310,1.320,6279,827740.06
2015/07/16,1.320,1.320,1.320,1.320,579,76560.00
2015/07/17,1.330,1.380,1.300,1.360,5179,693880.06
2015/07/20,1.330,1.370,1.320,1.360,2179,292160.00
2015/07/21,1.330,1.380,1.330,1.360,578,77329.92
2015/07/22,1.330,1.370,1.330,1.350,3159,425780.03
2015/07/23,1.340,1.400,1.330,1.370,25219,3467800.25
2015/07/24,1.350,1.380,1.340,1.360,6319,850360.06
2015/07/27,1.340,1.340,1.270,1.310,14159,1840140.13
2015/07/28,1.300,1.340,1.300,1.340,2279,302320.00
2015/07/29,1.330,1.360,1.330,1.360,8359,1128640.00
2015/07/30,1.360,1.360,1.310,1.310,1319,175760.02
2015/07/31,1.310,1.370,1.310,1.360,42779,5772460.50
2015/08/03,1.350,1.360,1.330,1.360,1559,209880.02
2015/08/04,1.340,1.350,1.340,1.350,11999,1619980.13
2015/08/05,1.350,1.350,1.330,1.330,1739,233260.02
2015/08/06,1.330,1.350,1.330,1.350,1399,187120.02
2015/08/07,1.340,1.350,1.340,1.350,119,16140.00
2015/08/10,1.350,1.350,1.330,1.350,3719,499940.03
2015/08/11,1.350,1.350,1.330,1.340,2239,301560.00
2015/08/12,1.380,1.380,1.300,1.300,5139,682140.06
2015/08/13,1.350,1.350,1.310,1.320,559,73500.00
2015/08/14,1.350,1.350,1.300,1.330,5239,691760.06
2015/08/17,1.350,1.350,1.280,1.280,2719,355520.03
2015/08/18,1.340,1.340,1.280,1.280,799,105600.01
2015/08/19,1.320,1.320,1.320,1.300,19,2640.00
2015/08/20,1.280,1.300,1.250,1.250,1239,156820.00
2015/08/21,1.200,1.250,1.190,1.200,3819,472000.03
2015/08/24,1.160,1.170,1.120,1.140,1359,154520.00
2015/08/25,1.100,1.130,1.100,1.120,3019,339560.03
2015/08/26,1.130,1.130,1.120,1.130,439,49540.00
2015/08/27,1.130,1.150,1.120,1.140,2339,266020.00
2015/08/28,1.220,1.220,1.140,1.140,239,27640.00
2015/08/31,1.120,1.140,1.120,1.140,419,47160.00
2015/09/01,1.120,1.120,1.100,1.100,639,70900.00
2015/09/02,1.150,1.250,1.150,1.150,679,78840.00
2015/09/04,1.180,1.230,1.150,1.160,3299,390120.03
2015/09/07,1.170,1.170,1.100,1.100,519,58860.00
2015/09/08,1.120,1.200,1.120,1.190,5379,605240.00
2015/09/09,1.190,1.220,1.150,1.220,359,42740.00
2015/09/10,1.150,1.200,1.150,1.190,139,16200.00
2015/09/11,1.150,1.200,1.150,1.200,199,23800.00
2015/09/14,1.220,1.220,1.160,1.200,179,21320.00
2015/09/15,1.160,1.170,1.160,1.170,519,60520.00
2015/09/16,1.150,1.260,1.150,1.220,3839,462400.03
2015/09/17,1.200,1.200,1.170,1.170,579,68920.00
2015/09/18,1.200,1.210,1.190,1.210,919,110360.01
2015/09/21,1.230,1.240,1.170,1.240,599,74220.00
2015/09/22,1.190,1.260,1.190,1.240,479,59660.00
2015/09/23,1.190,1.200,1.170,1.200,59,7120.00
2015/09/24,1.150,1.300,1.140,1.270,57979,7240380.50
2015/09/25,1.200,1.300,1.200,1.210,51019,6464020.50
2015/09/29,1.170,1.200,1.140,1.140,6059,721520.06
2015/09/30,1.170,1.270,1.170,1.240,23459,2897620.25
2015/10/02,1.250,1.330,1.210,1.250,23279,2997600.25
2015/10/05,1.270,1.290,1.270,1.270,479,61800.00
2015/10/06,1.250,1.250,1.250,1.250,39,5000.00
2015/10/07,1.250,1.280,1.200,1.260,2459,310960.00
2015/10/08,1.260,1.290,1.260,1.270,46639,5944980.50
2015/10/09,1.270,1.270,1.250,1.250,55719,7029160.50
2015/10/12,1.250,1.270,1.250,1.260,39619,4970740.00
2015/10/13,1.240,1.240,1.210,1.240,2599,321860.00
2015/10/14,1.230,1.260,1.230,1.240,6939,863160.06
2015/10/15,1.260,1.260,1.240,1.240,3579,446500.03
2015/10/16,1.240,1.240,1.240,1.240,59,7440.00
2015/10/19,1.230,1.280,1.230,1.240,45619,5754900.50
2015/10/20,1.220,1.220,1.180,1.210,899,108300.01
2015/10/22,1.210,1.230,1.150,1.160,2999,352720.03
2015/10/23,1.190,1.190,1.190,1.190,39,4760.00
2015/10/26,1.190,1.220,1.190,1.210,139,16920.00
2015/10/27,1.210,1.210,1.210,1.210,859,104060.01
2015/10/28,1.180,1.210,1.180,1.210,17079,2049380.13
2015/10/29,1.230,1.230,1.220,1.220,619,76240.00
2015/10/30,1.210,1.220,1.210,1.220,159,19440.00
2015/11/02,1.210,1.220,1.210,1.210,79,9720.00
2015/11/03,1.210,1.210,1.190,1.200,139,16900.00
2015/11/04,1.180,1.200,1.180,1.180,1379,164840.02
2015/11/09,1.170,1.170,1.170,1.170,79,9360.00
2015/11/10,1.170,1.200,1.150,1.160,1499,173760.02
2015/11/13,1.200,1.220,1.170,1.190,3639,438540.03
2015/11/16,1.180,1.190,1.120,1.140,4939,580420.00
2015/11/18,1.160,1.170,1.150,1.150,759,87600.01
2015/11/19,1.130,1.170,1.130,1.170,419,49000.00
2015/11/20,1.170,1.170,1.150,1.170,1279,149680.00
2015/11/23,1.170,1.170,1.170,1.170,159,18720.00
2015/11/24,1.150,1.170,1.100,1.170,2799,314200.00
2015/11/25,1.170,1.170,1.140,1.170,159,18540.00
2015/11/26,1.150,1.150,1.150,1.150,359,41400.00
2015/11/27,1.150,1.150,1.140,1.140,1079,124080.01
2015/11/30,1.150,1.180,1.150,1.180,31439,3627360.25
2015/12/01,1.190,1.190,1.160,1.160,439,51220.00
2015/12/02,1.160,1.160,1.160,1.160,19,2320.00
2015/12/03,1.190,1.190,1.140,1.140,759,90240.01
2015/12/04,1.180,1.200,1.140,1.140,9059,1074380.00
2015/12/07,1.150,1.150,1.150,1.150,59,6900.00
2015/12/08,1.190,1.200,1.160,1.160,2619,313300.00
2015/12/09,1.160,1.190,1.140,1.140,2659,312260.00
2015/12/10,1.140,1.140,1.140,1.140,499,57000.00
2015/12/11,1.110,1.110,1.100,1.100,999,110580.01
2015/12/14,1.140,1.190,1.110,1.110,9439,1093090.00
2015/12/15,1.110,1.110,1.110,1.110,39,4440.00
2015/12/17,1.130,1.150,1.130,1.140,1319,150240.00
2015/12/23,1.150,1.150,1.150,1.150,999,115000.01
2015/12/24,1.100,1.100,1.100,1.100,19,2200.00
2015/12/28,1.110,1.120,1.110,1.120,219,24480.00
2015/12/30,1.110,1.140,1.080,1.090,999,110400.01
2015/12/31,1.080,1.090,1.080,1.080,699,75640.00
2016/01/05,1.080,1.090,1.070,1.070,659,70800.00
2016/01/06,1.080,1.090,1.080,1.090,339,36740.00
2016/01/07,1.080,1.120,1.070,1.120,899,96900.01
2016/01/08,1.070,1.080,1.070,1.070,579,62300.00
2016/01/12,1.070,1.120,1.070,1.100,3259,362400.03
2016/01/13,1.100,1.150,1.100,1.100,13319,1502720.13
2016/01/15,1.100,1.100,1.100,1.090,119,13200.00
2016/01/18,1.070,1.090,1.050,1.060,1099,117880.01
2016/01/19,1.060,1.090,1.060,1.090,219,23800.00
2016/01/20,1.050,1.050,1.050,1.060,199,21000.00
2016/01/21,1.060,1.060,1.050,1.050,199,21120.00
2016/01/22,1.050,1.050,1.000,1.010,79,8220.00
2016/01/25,1.000,1.000,1.000,1.000,19,2000.00
2016/01/26,1.000,1.000,0.930,0.930,1859,182860.02
2016/01/27,0.930,0.930,0.930,0.950,399,37200.00
2016/01/29,0.970,0.970,0.900,0.970,839,79900.00
2016/02/01,1.000,1.000,0.930,0.940,879,83720.01
2016/02/02,0.950,0.950,0.950,0.950,19,1900.00
2016/02/03,0.960,0.960,0.950,0.950,79,7620.00
2016/02/04,0.950,0.950,0.940,0.950,1499,142420.00
2016/02/05,0.950,0.950,0.950,0.950,9,872.69
2016/02/11,0.930,0.930,0.930,0.930,439,40920.00
2016/02/12,0.900,0.930,0.900,0.930,159,14680.00
2016/02/17,0.940,1.000,0.940,1.000,739,72000.00
2016/02/18,1.000,1.000,1.000,1.000,139,14000.00
2016/02/19,1.050,1.050,1.050,1.040,19,2100.00
2016/02/22,1.040,1.040,1.040,1.040,139,14560.00
2016/02/23,1.100,1.100,1.040,1.040,6279,665700.06
2016/02/24,1.020,1.020,1.020,1.020,19,2040.00
2016/02/25,1.070,1.070,0.980,1.000,3239,329260.03
2016/02/26,1.010,1.010,0.980,0.980,15539,1529380.13
2016/02/29,0.990,1.000,0.950,0.950,9139,887900.06
2016/03/01,0.960,0.960,0.930,0.930,1659,155260.00
2016/03/02,0.950,0.950,0.950,0.950,299,28560.00
2016/03/03,0.950,0.950,0.940,0.940,879,83260.01
2016/03/04,0.940,0.940,0.940,0.950,119,11280.00
2016/03/07,0.970,1.000,0.970,1.000,3679,366360.03
2016/03/08,1.010,1.010,1.000,1.010,6539,656400.00
2016/03/09,1.020,1.090,1.010,1.010,8599,915380.06
2016/03/10,1.000,1.010,1.000,1.000,2799,282400.00
2016/03/11,1.000,1.010,1.000,1.000,2779,278020.00
2016/03/14,0.990,0.990,0.990,0.990,3819,378180.03
2016/03/15,0.990,1.010,0.970,1.010,7059,695040.06
2016/03/16,1.010,1.080,1.010,1.030,9859,1062720.00
2016/03/18,1.020,1.020,1.000,1.000,719,72320.00
2016/03/21,1.000,1.080,1.000,1.060,14879,1552600.13
2016/03/22,1.060,1.060,1.030,1.030,799,84500.01
2016/03/23,1.020,1.020,1.010,1.010,179,18320.00
2016/03/24,1.000,1.010,1.000,1.010,39,4020.00
2016/03/29,1.010,1.010,1.000,1.000,419,42100.00
2016/03/30,1.000,1.000,1.000,1.000,399,40000.00
2016/03/31,1.000,1.000,0.960,0.980,699,69320.00
2016/04/01,0.980,0.980,0.970,0.970,99,9720.00
2016/04/05,0.960,0.970,0.960,0.970,139,13560.00
2016/04/06,0.960,0.970,0.960,0.970,99,9680.00
2016/04/07,0.960,1.050,0.960,1.050,1259,127640.01
2016/04/08,1.000,1.000,0.980,0.980,199,19840.00
2016/04/11,0.970,0.970,0.970,0.970,279,27160.00
2016/04/12,1.000,1.050,1.000,1.030,679,70220.00
2016/04/13,1.030,1.030,1.020,1.020,5699,585740.00
2016/04/14,1.050,1.050,1.050,1.050,119,12600.00
2016/04/15,1.030,1.030,1.030,1.030,999,103000.01
2016/04/18,1.030,1.030,1.030,1.030,719,74160.00
2016/04/19,1.030,1.050,1.030,1.040,1259,130940.01
2016/04/25,1.020,1.020,1.020,1.020,2599,265200.00
2016/04/26,1.010,1.100,1.010,1.090,5779,623900.00
2016/04/27,1.030,1.100,1.030,1.050,3339,364740.03
2016/04/28,1.050,1.120,1.050,1.080,6499,720320.06
2016/04/29,1.070,1.150,1.040,1.040,20579,2275140.00
2016/05/03,1.040,1.050,1.040,1.040,159,16660.00
2016/05/04,1.030,1.030,1.030,1.030,39,4120.00
2016/05/05,1.070,1.080,1.060,1.080,4319,466000.03
2016/05/06,1.060,1.070,1.030,1.050,12399,1302860.00
2016/05/09,1.030,1.030,1.030,1.030,19,2060.00
2016/05/10,1.050,1.050,1.030,1.040,539,56560.00
2016/05/11,1.050,1.060,1.050,1.060,1199,126860.01
2016/05/12,1.050,1.050,1.050,1.050,1419,149100.00
2016/05/13,1.050,1.050,1.030,1.030,119,12560.00
2016/05/17,1.020,1.050,1.020,1.050,179,18600.00
2016/05/18,1.030,1.030,1.030,1.030,679,70040.00
2016/05/20,1.020,1.020,1.020,1.020,59,6120.00
2016/05/23,1.020,1.020,1.010,1.010,2499,252860.02
2016/05/24,1.010,1.020,1.000,1.020,3219,326400.00
2016/05/25,1.010,1.030,1.010,1.030,1339,136440.00
2016/05/26,1.030,1.030,1.010,1.010,5019,510764.59
2016/05/27,1.020,1.020,1.020,1.020,559,57120.00
2016/05/30,1.020,1.020,0.970,0.980,6279,629700.00
2016/05/31,0.980,1.060,0.870,0.900,45699,4400220.00
2016/06/01,0.940,1.010,0.940,0.960,10799,1069100.00
2016/06/02,0.970,0.970,0.930,0.940,2119,202140.02
2016/06/03,0.940,0.950,0.920,0.930,699,65800.00
2016/06/06,0.950,0.970,0.930,0.960,3239,310180.00
2016/06/07,0.930,0.970,0.930,0.940,3159,303820.00
2016/06/08,0.960,0.980,0.940,0.960,4539,442220.03
2016/06/10,0.960,1.000,0.960,0.980,8039,785960.06
2016/06/13,0.960,0.960,0.960,0.960,639,61440.00
2016/06/14,0.970,0.980,0.970,0.970,24919,2418540.00
2016/06/15,0.970,0.970,0.970,0.970,5999,582000.00
2016/06/16,0.950,0.950,0.950,0.950,1179,112100.01
2016/06/17,0.950,0.970,0.950,0.970,5259,500580.03
2016/06/20,0.970,0.970,0.940,0.950,8099,773500.06
2016/06/21,0.950,0.970,0.930,0.930,28599,2725800.25
2016/06/22,0.940,0.960,0.940,0.940,1519,145320.00
2016/06/23,0.950,1.000,0.940,0.950,11849,1141180.00
2016/06/24,0.950,0.950,0.930,0.940,1299,122220.01
2016/06/27,0.930,0.940,0.920,0.940,519,48500.00
2016/06/28,0.930,0.950,0.930,0.950,259,24660.00
2016/06/29,0.970,0.980,0.950,0.950,2419,234620.02
2016/06/30,0.970,1.010,0.950,0.960,6819,671160.06
2016/07/04,0.960,0.960,0.950,0.950,619,59400.00
2016/07/05,0.950,0.960,0.950,0.960,2919,279380.00
2016/07/06,0.960,0.980,0.960,0.960,6459,626640.00
2016/07/07,0.960,0.960,0.960,0.960,59,5760.00
2016/07/08,0.940,0.950,0.940,0.950,79,7560.00
2016/07/12,0.950,0.960,0.940,0.960,778,73601.82
2016/07/13,0.950,0.950,0.950,0.950,639,60800.00
2016/07/14,0.960,0.980,0.960,0.980,2039,198200.02
2016/07/15,0.960,1.000,0.950,0.970,18279,1809460.13
2016/07/19,0.970,0.970,0.960,0.960,239,23240.00
2016/07/20,0.970,0.980,0.960,0.960,1591,154528.33
2016/07/21,0.970,1.000,0.970,0.970,6399,632580.00
2016/07/22,0.980,1.020,0.970,0.970,10099,1013240.06
2016/07/25,0.960,0.970,0.960,0.970,519,50420.00
2016/07/26,0.980,0.980,0.980,0.980,919,90160.01
2016/07/27,0.970,1.000,0.960,0.960,3979,392020.03
2016/07/29,0.960,0.960,0.950,0.950,1779,170740.02
2016/08/01,0.950,0.960,0.950,0.960,4799,458480.03
2016/08/03,0.950,0.960,0.950,0.950,1199,114200.01
2016/08/04,0.980,1.010,0.970,0.990,5259,522580.03
2016/08/05,0.970,0.970,0.970,0.970,1359,131920.00
2016/08/08,0.990,0.990,0.960,0.960,1679,162780.00
2016/08/09,0.970,0.970,0.960,0.960,779,75400.00
2016/08/10,0.960,0.960,0.960,0.960,279,26880.00
2016/08/11,0.960,0.960,0.950,0.950,839,80240.00
2016/08/12,0.970,0.980,0.960,0.960,2259,219700.02
2016/08/15,0.960,0.980,0.950,0.960,3779,365760.03
2016/08/16,0.950,0.960,0.950,0.950,6679,636680.00
2016/08/17,0.950,0.960,0.940,0.960,10499,1000800.06
2016/08/18,0.960,0.960,0.940,0.950,35759,3404780.25
2016/08/19,0.950,1.030,0.940,0.970,42659,4167960.25
2016/08/22,0.970,0.970,0.950,0.950,2599,249080.02
2016/08/23,0.960,0.980,0.950,0.960,4339,413560.03
2016/08/24,0.960,0.980,0.960,0.970,3859,370980.03
2016/08/25,0.960,0.980,0.950,0.960,11199,1077460.00
2016/08/26,0.960,0.980,0.950,0.960,6439,619940.00
2016/08/29,0.960,0.970,0.950,0.960,8759,845380.06
2016/08/30,0.970,0.970,0.960,0.960,2159,207980.02
2016/08/31,0.970,0.980,0.970,0.980,12159,1188180.00
2016/09/01,0.980,1.010,0.970,1.000,4979,490680.03
2016/09/02,0.980,1.040,0.980,1.020,13979,1428520.13
2016/09/05,1.030,1.030,1.010,1.010,659,67820.00
2016/09/06,1.010,1.030,1.010,1.020,2999,307280.00
2016/09/07,1.020,1.020,1.010,1.010,2639,267200.00
2016/09/08,1.000,1.000,1.000,1.010,19,2000.00
2016/09/09,1.010,1.010,0.980,0.990,5799,576780.00
2016/09/12,0.990,1.000,0.990,0.990,459,45740.00
2016/09/13,0.990,1.000,0.980,0.980,2539,251600.02
2016/09/14,0.980,0.980,0.980,0.980,119,11760.00
2016/09/15,0.980,0.990,0.980,0.990,1659,164180.00
2016/09/19,0.990,1.000,0.990,1.000,2239,223520.02
2016/09/20,1.000,1.000,1.000,1.000,299,30000.00
2016/09/21,1.000,1.010,1.000,1.010,1319,132800.00
2016/09/22,1.000,1.000,1.000,1.000,139,14000.00
2016/09/23,1.000,1.010,1.000,1.010,499,50360.00
2016/09/26,1.000,1.000,1.000,1.000,919,92000.01
2016/09/27,1.000,1.010,0.990,0.990,1319,131360.00
2016/09/28,0.980,0.980,0.970,0.980,3559,348860.03
2016/09/29,0.990,0.990,0.990,0.990,399,39600.00
2016/09/30,0.990,0.990,0.990,0.990,2619,259380.02
2016/10/04,0.970,0.970,0.970,0.970,1519,147440.00
2016/10/05,0.990,1.020,0.970,1.010,15099,1516160.13
2016/10/06,1.010,1.040,1.010,1.040,9559,986000.06
2016/10/07,1.040,1.060,1.010,1.050,7579,787860.06
2016/10/11,1.050,1.060,1.040,1.060,22099,2334820.00
2016/10/12,1.050,1.080,1.000,1.060,12059,1281820.00
2016/10/13,1.060,1.060,1.060,1.050,19,2120.00
2016/10/14,1.030,1.030,1.030,1.030,919,94760.01
2016/10/17,1.040,1.070,1.030,1.030,16019,1685180.13
2016/10/18,1.040,1.050,1.040,1.040,4999,522500.03
2016/10/19,1.030,1.040,1.030,1.040,3039,316140.00
2016/10/20,1.040,1.070,1.040,1.040,24579,2610600.00
2016/10/24,1.040,1.040,1.010,1.020,819,83720.01
2016/10/25,1.020,1.020,1.020,1.020,299,30600.00
2016/10/27,1.010,1.010,1.000,1.010,1059,106380.01
2016/10/28,1.000,1.010,1.000,1.000,499,50100.00
2016/10/31,1.000,1.000,1.000,1.000,59,6000.00
2016/11/01,1.000,1.000,0.980,1.000,7459,745020.06
2016/11/03,0.980,0.990,0.980,0.990,54239,5423480.50
2016/11/04,1.000,1.000,1.000,1.000,33879,3388000.25
2016/11/07,0.990,1.000,0.990,1.000,479,47960.00
2016/11/08,1.000,1.000,1.000,1.000,79,8000.00
2016/11/09,1.000,1.000,0.990,1.000,140,13983.00
2016/11/10,1.000,1.000,1.000,1.000,719,72000.00
2016/11/11,0.990,1.000,0.980,1.000,1599,158300.00
2016/11/15,1.000,1.000,0.980,0.990,799,78800.00
2016/11/16,1.000,1.000,1.000,1.000,599,60000.00
2016/11/18,1.000,1.000,1.000,1.000,499,50000.00
2016/11/21,0.980,0.980,0.980,0.980,79,7840.00
2016/11/22,0.970,0.970,0.960,0.970,939,90980.01
2016/11/24,1.000,1.000,1.000,0.980,1445,144554.89
2016/11/25,0.970,0.970,0.970,0.970,1879,182360.02
2016/11/28,0.980,0.980,0.970,0.970,1119,109640.01
2016/11/30,0.970,0.970,0.970,0.970,159,15520.00
2016/12/01,0.970,0.970,0.970,0.970,1259,122220.01
2016/12/05,0.970,0.980,0.950,0.960,2089,204033.98
2016/12/06,0.960,0.980,0.950,0.970,4616,447048.66
2016/12/07,0.950,0.960,0.950,0.960,7036,675412.19
2016/12/09,0.950,0.950,0.950,0.960,79,7600.00
2016/12/12,0.950,0.980,0.940,0.970,3339,325540.00
2016/12/15,0.950,0.950,0.950,0.950,39,3800.00
2016/12/16,0.950,0.950,0.940,0.940,1699,160920.00
2016/12/19,0.920,0.920,0.910,0.920,11099,1013760.06
2016/12/21,0.920,0.920,0.910,0.920,279,25660.00
2016/12/22,0.900,0.900,0.890,0.900,1112,99733.31
2016/12/23,0.910,0.920,0.900,0.900,29632,2694508.50
2016/12/28,0.900,0.900,0.900,0.920,459,42200.00
2016/12/29,0.920,0.920,0.920,0.920,2559,235520.02
2016/12/30,0.920,0.970,0.920,0.930,2439,231500.02
2017/01/03,0.930,0.960,0.930,0.960,7539,711360.06
2017/01/04,0.960,0.960,0.960,0.960,2679,257280.02
2017/01/05,0.960,0.970,0.960,0.970,1039,100080.01
2017/01/06,0.960,0.960,0.960,0.960,1499,144000.00
2017/01/09,0.930,0.950,0.930,0.950,799,75720.00
2017/01/10,0.930,0.950,0.930,0.950,2859,271280.00
2017/01/11,0.960,0.960,0.940,0.940,2959,282160.00
2017/01/12,0.930,0.960,0.930,0.960,1769,169680.02
2017/01/13,0.970,0.970,0.960,0.970,9159,888180.06
2017/01/16,0.950,0.970,0.950,0.970,1279,121760.01
2017/01/17,0.940,0.950,0.940,0.950,1799,169980.02
2017/01/18,0.960,0.960,0.950,0.950,15719,1494400.13
2017/01/20,0.960,0.960,0.960,0.960,1799,172800.02
2017/01/24,0.960,0.960,0.960,0.960,899,86400.01
2017/01/25,0.960,0.970,0.960,0.970,2959,287060.00
2017/01/26,0.970,0.980,0.970,0.980,9599,938120.06
2017/01/27,0.980,0.980,0.970,0.980,2439,239080.02
2017/02/02,0.990,1.000,0.990,0.990,6959,693620.06
2017/02/03,0.990,0.990,0.990,0.990,14159,1401840.13
2017/02/06,0.980,0.980,0.970,0.970,6419,629140.00
2017/02/07,0.970,0.980,0.970,0.970,12239,1191600.00
2017/02/08,0.970,0.970,0.970,0.970,1399,135800.00
2017/02/09,0.980,0.980,0.980,0.980,2259,221480.02
2017/02/10,0.910,0.970,0.820,0.890,112779,10042820.00
2017/02/13,0.900,0.900,0.870,0.880,6619,580620.00
2017/02/14,0.860,0.860,0.840,0.850,8239,700060.06
2017/02/15,0.850,0.850,0.830,0.840,9339,786540.06
2017/02/16,0.840,0.840,0.830,0.830,11979,1004120.06
2017/02/17,0.840,0.890,0.830,0.850,56379,4757740.00
2017/02/20,0.850,0.850,0.850,0.850,3139,266900.00
2017/02/21,0.840,0.850,0.840,0.840,3479,294720.00
2017/02/22,0.840,0.880,0.840,0.870,18341,1588027.25
2017/02/23,0.870,0.870,0.850,0.850,43739,3726200.25
2017/02/24,0.850,0.870,0.850,0.870,16439,1417520.13
2017/02/27,0.880,0.880,0.870,0.880,11179,981100.06
2017/02/28,0.880,0.880,0.870,0.880,35239,3097100.25
2017/03/01,0.880,0.890,0.880,0.880,14279,1262760.00
2017/03/02,0.880,0.890,0.850,0.870,77319,6709400.50
2017/03/03,0.870,0.870,0.860,0.870,14659,1265980.00
2017/03/06,0.880,0.880,0.870,0.870,4339,378412.75
2017/03/07,0.880,0.890,0.860,0.880,31759,2782780.25
2017/03/08,0.870,0.870,0.870,0.870,3459,301020.00
2017/03/09,0.860,0.860,0.860,0.860,3159,271760.00
2017/03/10,0.870,0.870,0.860,0.860,7579,656380.00
2017/03/13,0.870,0.900,0.870,0.880,14099,1239520.00
2017/03/14,0.880,0.880,0.870,0.870,9519,829240.06
2017/03/15,0.870,0.900,0.870,0.900,40880,3644280.25
2017/03/16,0.900,0.900,0.890,0.890,11500,1027860.06
2017/03/17,0.900,0.910,0.890,0.900,2920,262860.00
2017/03/20,0.900,0.900,0.900,0.900,1080,97200.01
2017/03/21,0.900,0.940,0.900,0.930,8480,788180.06
2017/03/22,0.920,0.920,0.910,0.910,1780,163740.00
2017/03/23,0.900,0.910,0.890,0.900,6320,571640.00
2017/03/24,0.900,0.920,0.890,0.910,11700,1063980.00
2017/03/27,0.900,0.900,0.890,0.900,2840,255580.02
2017/03/28,0.910,0.910,0.900,0.900,3020,272020.00
2017/03/29,0.910,0.920,0.900,0.900,2920,262980.00
2017/03/30,0.900,0.910,0.890,0.890,11660,1050520.00
2017/03/31,0.880,0.890,0.880,0.890,960,85280.01
2017/04/03,0.890,0.890,0.880,0.890,9860,876680.06
2017/04/05,0.890,0.890,0.880,0.880,1580,140260.00
2017/04/06,0.880,0.880,0.880,0.880,5200,457600.03
2017/04/07,0.880,0.880,0.870,0.880,14480,1274140.00
2017/04/10,0.890,0.890,0.880,0.880,18120,1594700.13
2017/04/11,0.870,0.880,0.870,0.880,13540,1191260.00
2017/04/12,0.880,0.880,0.880,0.880,80,7040.00
2017/04/13,0.870,0.880,0.870,0.880,3060,269180.00
2017/04/18,0.890,0.890,0.890,0.890,1420,126380.01
2017/04/19,0.890,0.890,0.880,0.880,3160,278100.00
2017/04/20,0.870,0.900,0.870,0.900,5940,524760.00
2017/04/21,0.900,0.900,0.860,0.880,2480,220100.02
2017/04/24,0.880,0.890,0.880,0.890,1960,174360.02
2017/04/25,0.870,0.890,0.870,0.890,11440,1016680.06
2017/04/26,0.900,0.910,0.890,0.900,14600,1307880.00
2017/04/28,0.900,0.910,0.890,0.910,6390,575080.00
2017/05/02,0.910,0.910,0.890,0.890,6200,558000.00
2017/05/04,0.900,0.970,0.890,0.890,26832,2410060.75
2017/05/05,0.890,0.960,0.870,0.900,5660,517780.03
2017/05/08,0.900,0.900,0.900,0.900,3020,271800.00
2017/05/09,0.900,0.910,0.900,0.900,5200,468220.03
2017/05/10,0.900,0.900,0.900,0.900,3360,302400.00
2017/05/11,0.910,0.910,0.900,0.900,280,25320.00
2017/05/12,0.900,0.900,0.890,0.890,36320,3232880.25
2017/05/15,0.900,0.900,0.890,0.890,380,34180.00
2017/05/16,0.890,0.960,0.890,0.910,28800,2611620.00
2017/05/17,0.920,0.920,0.920,0.920,40,3680.00
2017/05/18,0.900,0.900,0.890,0.890,5640,507580.03
2017/05/19,0.890,0.910,0.890,0.910,60,5420.00
2017/05/22,0.890,0.910,0.890,0.910,700,63020.00
2017/05/23,0.890,0.910,0.890,0.890,18640,1679360.13
2017/05/24,0.890,0.900,0.890,0.900,5560,500380.03
2017/05/25,0.890,0.910,0.890,0.910,60,5400.00
2017/05/26,0.910,0.920,0.910,0.920,480,44080.00
2017/05/31,0.900,0.900,0.890,0.900,740,66560.00
2017/06/01,0.900,0.900,0.900,0.900,18386,1654668.38
2017/06/02,0.890,0.910,0.890,0.910,3700,332680.03
2017/06/05,0.920,0.920,0.900,0.900,280,25600.00
2017/06/06,0.900,0.900,0.890,0.900,2400,215800.02
2017/06/07,0.910,0.920,0.890,0.900,3600,324520.00
2017/06/09,0.890,0.900,0.880,0.890,880,78260.00
2017/06/12,0.910,0.910,0.880,0.890,880,78660.00
2017/06/13,0.900,0.900,0.880,0.890,2160,193940.02
2017/06/14,0.890,0.920,0.880,0.920,460,41020.00
2017/06/20,0.890,0.890,0.890,0.890,40,3560.00
2017/06/21,0.890,0.900,0.890,0.900,5000,449880.03
2017/06/22,0.900,0.900,0.900,0.900,5300,477000.03
2017/06/26,0.880,0.880,0.880,0.890,1020,89760.01
2017/06/27,0.880,0.880,0.880,0.880,547,48131.15
2017/06/28,0.910,0.950,0.910,0.940,2600,243640.02
2017/06/29,0.940,0.940,0.910,0.930,4080,383360.03
2017/06/30,0.920,0.930,0.920,0.930,220,20420.00
2017/07/03,0.930,0.930,0.930,0.930,100,9300.00
2017/07/04,0.930,0.940,0.920,0.920,2400,223180.02
2017/07/05,0.920,0.930,0.920,0.930,1160,106820.01
2017/07/06,0.930,0.930,0.930,0.930,1100,102300.01
2017/07/07,0.920,0.930,0.920,0.930,440,40520.00
2017/07/10,0.910,0.940,0.910,0.940,5640,519040.03
2017/07/11,0.920,0.930,0.920,0.930,1318,121403.92
2017/07/12,0.930,0.940,0.910,0.920,12240,1132540.00
2017/07/13,0.910,0.970,0.910,0.940,38560,3656380.25
2017/07/14,0.940,0.950,0.920,0.950,21413,2004606.88
2017/07/17,0.950,0.950,0.930,0.930,6100,567460.00
2017/07/18,0.930,0.960,0.930,0.930,3090,287530.00
2017/07/20,0.930,0.930,0.930,0.930,1060,98580.01
2017/07/21,0.950,1.070,0.950,1.010,15548,1592772.88
2017/07/24,1.020,1.070,1.020,1.040,2960,314020.00
2017/07/31,1.000,1.020,1.000,1.020,60,6080.00
2017/08/01,0.980,0.990,0.980,0.990,220,21660.00
2017/08/02,0.980,1.050,0.980,0.990,32422,3300670.25
2017/08/03,0.990,1.020,0.990,0.990,4020,403060.03
2017/08/04,0.990,1.000,0.990,1.000,2040,203960.02
2017/08/07,1.010,1.010,1.000,1.000,1120,113000.01
2017/08/08,1.000,1.000,0.940,0.940,500,48560.00
2017/08/09,0.940,0.950,0.940,0.960,80,7540.00
2017/08/10,0.950,0.960,0.950,0.960,60,5720.00
2017/08/11,0.960,0.980,0.960,0.960,840,80720.00
2017/08/15,0.940,0.940,0.940,0.940,20,1880.00
2017/08/16,0.940,0.960,0.940,0.960,1980,190000.02
2017/08/17,0.970,0.970,0.970,0.970,1080,105740.01
2017/08/18,0.970,0.970,0.970,0.970,100,9600.00
2017/08/21,0.960,0.960,0.950,0.950,1920,184200.02
2017/08/22,0.950,0.950,0.950,0.950,700,66500.00
2017/08/24,0.920,0.960,0.920,0.960,100,9360.00
2017/08/25,0.920,0.960,0.910,0.960,100,9320.00
2017/08/29,0.920,0.940,0.920,0.940,1250,117380.01
2017/08/30,0.920,1.000,0.920,0.960,8050,775910.06
2017/09/06,0.930,0.940,0.920,0.940,1040,96260.01
2017/09/07,0.960,0.970,0.960,0.960,5740,553560.00
2017/09/08,0.960,1.020,0.960,0.980,8760,878540.06
2017/09/11,0.980,0.980,0.980,0.980,40,3920.00
2017/09/12,0.970,0.970,0.970,0.970,200,19400.00
2017/09/13,0.960,0.980,0.960,0.970,1820,177800.02
2017/09/15,0.960,0.960,0.960,0.960,20,1920.00
2017/09/18,0.960,0.960,0.960,0.960,1660,159360.00
2017/09/19,0.960,0.970,0.960,0.960,500,48460.00
2017/09/20,0.990,0.990,0.990,0.990,40,3960.00
2017/09/21,0.960,0.960,0.950,0.950,1760,168740.02
2017/09/22,0.950,0.950,0.950,0.950,300,28500.00
2017/09/25,0.950,0.950,0.950,0.950,80,7600.00
2017/09/26,0.950,0.960,0.930,0.940,3580,335680.03
2017/09/27,0.950,0.960,0.950,0.960,540,51340.00
2017/09/28,0.960,1.030,0.940,1.030,87220,8557620.00
2017/09/29,1.030,1.030,0.970,1.000,37300,3674020.25
2017/10/03,1.000,1.000,0.970,0.980,24000,2356900.00
2017/10/04,1.000,1.010,0.970,0.980,24500,2424840.00
2017/10/06,0.990,1.060,0.990,1.010,26920,2740080.25
2017/10/09,1.010,1.010,0.990,1.000,709,70624.00
2017/10/10,1.000,1.000,0.990,1.000,5100,509960.03
2017/10/11,0.990,1.000,0.990,1.000,60,6000.00
2017/10/12,1.000,1.000,0.990,0.990,520,51520.00
2017/10/13,0.980,0.990,0.980,0.990,40,3940.00
2017/10/16,0.980,0.990,0.970,0.990,1980,193220.02
2017/10/17,0.990,0.990,0.970,0.970,220,21740.00
2017/10/18,0.970,0.970,0.970,0.970,40,3880.00
2017/10/19,0.970,0.970,0.960,0.960,1720,166780.02
2017/10/20,0.970,0.980,0.970,0.980,600,58680.00
2017/10/24,0.960,0.980,0.960,0.970,3980,389860.03
2017/10/25,0.970,0.970,0.950,0.960,11620,1117480.00
2017/10/26,0.970,0.970,0.970,0.980,920,89460.01
2017/10/27,0.980,0.980,0.980,0.980,80,7840.00
2017/10/30,0.970,0.970,0.970,0.970,760,73720.00
2017/10/31,0.960,0.970,0.960,0.970,60,5800.00
2017/11/01,0.960,0.970,0.960,0.970,340,32820.00
2017/11/02,0.970,0.990,0.970,0.990,620,61340.00
2017/11/03,0.970,0.970,0.970,0.970,1380,133860.00
2017/11/06,0.970,0.980,0.970,0.980,60,5860.00
2017/11/07,0.980,0.980,0.980,0.980,1420,139160.00
2017/11/08,0.970,0.970,0.970,0.970,40,3880.00
2017/11/09,0.970,0.970,0.970,0.970,240,23280.00
2017/11/10,0.970,0.970,0.970,0.980,140,13580.00
2017/11/13,0.960,0.960,0.960,0.960,40,3840.00
2017/11/14,0.960,0.970,0.960,0.960,120,11560.00
2017/11/15,0.960,0.960,0.950,0.950,1440,137800.00
2017/11/16,0.960,0.960,0.960,0.960,80,7680.00
2017/11/17,0.950,0.960,0.950,0.960,60,5740.00
2017/11/20,0.960,0.960,0.940,0.940,5600,530780.00
2017/11/21,0.950,0.950,0.950,0.950,400,38000.00
2017/11/22,0.950,0.960,0.950,0.960,40,3820.00
2017/11/23,0.980,0.980,0.970,0.970,3320,325340.00
2017/11/27,0.940,0.940,0.940,0.940,20,1880.00
2017/11/28,0.940,0.940,0.940,0.940,1000,94000.01
2017/11/30,0.940,0.940,0.920,0.930,3100,291240.00
2017/12/01,0.930,0.930,0.920,0.920,440,40520.00
2017/12/04,0.920,0.930,0.920,0.930,1220,112260.01
2017/12/07,0.940,0.950,0.940,0.950,1100,104060.01
2017/12/12,0.950,0.960,0.950,0.960,1500,143300.00
2017/12/13,0.960,0.960,0.960,0.960,940,90240.01
2017/12/14,0.930,0.960,0.930,0.960,160,15000.00
2017/12/18,0.930,0.930,0.930,0.930,80,7440.00
2017/12/19,0.930,0.980,0.930,0.970,140,13220.00
2017/12/20,0.970,0.980,0.960,0.960,3020,294820.00
2017/12/21,0.960,0.960,0.960,0.960,1,100.80
2017/12/22,0.960,0.980,0.960,0.980,80,7720.00
2017/12/27,0.940,0.940,0.940,0.940,200,18800.00
2017/12/28,0.940,1.000,0.940,0.990,2560,250980.02
2017/12/29,0.990,1.000,0.990,1.000,2480,246980.02
2018/01/03,1.000,1.000,1.000,1.000,5240,524000.03
2018/01/04,1.010,1.010,1.000,1.000,2280,230240.02
2018/01/05,1.000,1.000,1.000,1.000,40,4000.00
2018/01/09,0.960,0.970,0.960,0.970,40,3860.00
2018/01/10,1.000,1.000,0.970,0.970,1142,111198.48
2018/01/11,0.960,0.970,0.960,0.970,2080,201680.02
2018/01/12,0.970,0.970,0.960,0.960,2100,203620.02
2018/01/15,0.960,0.980,0.960,0.970,3840,373160.03
2018/01/16,0.980,0.980,0.980,0.980,300,29400.00
2018/01/17,0.980,1.010,0.980,1.010,2200,220720.02
2018/01/18,1.000,1.050,1.000,1.010,10120,1040300.06
2018/01/19,1.020,1.070,1.020,1.030,5220,550400.00
2018/01/22,1.060,1.090,1.040,1.090,12140,1297240.00
2018/01/23,1.090,1.110,1.060,1.100,7540,824780.06
2018/01/24,1.070,1.120,1.070,1.120,10460,1158600.00
2018/01/25,1.120,1.140,1.120,1.120,18340,2079460.13
2018/01/26,1.120,1.150,1.070,1.150,10620,1208440.00
2018/01/29,1.150,1.170,1.120,1.170,16510,1919330.13
2018/01/30,1.160,1.170,1.140,1.140,50000,5828680.50
2018/01/31,1.160,1.170,1.140,1.140,9340,1084400.00
2018/02/01,1.140,1.160,1.110,1.120,53340,6118340.50
2018/02/02,1.150,1.170,1.140,1.170,34080,3909760.25
2018/02/05,1.160,1.170,1.150,1.170,12740,1473880.13
2018/02/06,1.150,1.150,1.080,1.080,9160,1014700.06
2018/02/07,1.070,1.130,1.060,1.090,4520,505780.03
2018/02/08,1.100,1.150,1.100,1.130,4720,526746.00
2018/02/09,1.130,1.150,1.110,1.130,6500,732820.06
2018/02/12,1.130,1.150,1.130,1.150,80,9120.00
2018/02/13,1.150,1.170,1.150,1.170,13670,1586030.13
2018/02/14,1.160,1.160,1.130,1.140,1660,191400.02
2018/02/15,1.130,1.150,1.130,1.130,1760,200460.02
2018/02/20,1.130,1.180,1.130,1.170,18560,2164340.00
2018/02/21,1.180,1.180,1.160,1.170,1660,194340.02
2018/02/23,1.160,1.160,1.130,1.160,2760,319440.00
2018/02/26,1.170,1.170,1.120,1.170,22220,2547660.00
2018/02/27,1.170,1.190,1.150,1.170,27220,3167840.25
2018/02/28,1.130,1.190,1.130,1.160,33140,3847380.25
2018/03/01,1.150,1.160,1.140,1.160,7340,841500.06
2018/03/02,1.160,1.190,1.150,1.160,22460,2617280.00
2018/03/05,1.160,1.200,1.160,1.170,11280,1341140.13

