2014/12/15,4354.01,4362.22,4331.39,4355.36,0,0.00
2014/12/16,4334.29,4347.37,4275.53,4280.41,0,0.00
2014/12/17,4278.77,4280.35,4223.89,4227.10,0,0.00
2014/12/18,4281.01,4296.18,4264.27,4282.03,0,0.00
2014/12/19,4347.98,4354.49,4321.53,4331.44,0,0.00
2014/12/22,4355.87,4368.21,4339.16,4347.34,0,0.00
2014/12/23,4351.49,4360.45,4334.03,4343.11,0,0.00
2014/12/24,4341.56,4369.26,4341.56,4364.00,0,0.00
2014/12/29,4401.53,4425.52,4401.53,4411.28,0,0.00
2014/12/30,4425.14,4425.14,4369.20,4378.10,0,0.00
2014/12/31,4368.52,4388.99,4366.36,4382.89,0,0.00
2015/01/02,4397.21,4418.59,4375.36,4416.53,0,0.00
2015/01/05,4395.18,4438.05,4391.17,4392.77,0,0.00
2015/01/06,4361.97,4375.66,4330.73,4363.97,0,0.00
2015/01/07,4356.05,4406.81,4347.68,4401.32,0,0.00
2015/01/08,4445.71,4448.66,4416.93,4443.44,0,0.00
2015/01/09,4487.30,4502.43,4456.85,4466.84,0,0.00
2015/01/12,4511.66,4514.73,4478.68,4497.00,0,0.00
2015/01/13,4485.24,4539.82,4485.24,4538.12,0,0.00
2015/01/14,4542.46,4551.98,4515.35,4521.51,0,0.00
2015/01/15,4533.01,4552.17,4519.41,4550.42,0,0.00
2015/01/16,4527.82,4530.56,4495.91,4496.78,0,0.00
2015/01/19,4486.72,4501.00,4452.38,4466.17,0,0.00
2015/01/20,4467.14,4500.76,4464.25,4490.69,0,0.00
2015/01/21,4508.34,4564.55,4503.57,4560.26,0,0.00
2015/01/22,4584.19,4592.60,4569.75,4587.80,0,0.00
2015/01/23,4636.71,4647.19,4619.10,4644.05,0,0.00
2015/01/26,4660.08,4663.11,4636.41,4662.46,0,0.00
2015/01/27,4679.26,4679.41,4636.14,4668.99,0,0.00
2015/01/28,4670.90,4697.07,4656.88,4683.77,0,0.00
2015/01/29,4657.00,4668.17,4643.80,4652.34,0,0.00
2015/01/30,4683.70,4683.70,4627.85,4636.25,0,0.00
2015/02/02,4612.80,4649.08,4612.80,4646.70,0,0.00
2015/02/03,4662.77,4663.76,4613.07,4639.49,0,0.00
2015/02/04,4675.03,4678.09,4650.53,4661.96,0,0.00
2015/02/05,4703.98,4704.97,4648.56,4669.12,0,0.00
2015/02/06,4688.65,4688.65,4662.75,4669.22,0,0.00
2015/02/09,4651.47,4658.02,4632.96,4637.19,0,0.00
2015/02/10,4633.56,4648.98,4621.50,4640.88,0,0.00
2015/02/11,4648.07,4648.15,4601.49,4611.07,0,0.00
2015/02/12,4616.47,4634.53,4589.43,4617.59,0,0.00
2015/02/13,4632.33,4666.21,4632.33,4661.99,0,0.00
2015/02/16,4668.40,4678.96,4665.29,4671.61,0,0.00
2015/02/17,4662.68,4694.24,4662.68,4679.38,0,0.00
2015/02/18,4682.97,4691.78,4679.99,4683.05,0,0.00
2015/02/23,4705.95,4705.95,4666.38,4689.70,0,0.00
2015/02/24,4685.64,4694.96,4670.92,4682.57,0,0.00
2015/02/25,4693.53,4699.11,4670.04,4690.23,0,0.00
2015/02/26,4683.76,4721.55,4681.28,4705.02,0,0.00
2015/02/27,4713.01,4740.26,4687.91,4690.06,0,0.00
2015/03/02,4723.12,4723.59,4671.87,4710.13,0,0.00
2015/03/03,4730.75,4730.75,4696.96,4702.41,0,0.00
2015/03/04,4696.37,4711.60,4674.98,4680.15,0,0.00
2015/03/05,4646.46,4688.97,4643.37,4651.18,0,0.00
2015/03/06,4668.60,4670.14,4638.93,4648.55,0,0.00
2015/03/09,4621.12,4637.30,4603.06,4620.13,0,0.00
2015/03/10,4629.11,4629.68,4573.41,4576.56,0,0.00
2015/03/11,4557.19,4570.43,4544.41,4546.14,0,0.00
2015/03/12,4548.70,4556.77,4531.89,4545.60,0,0.00
2015/03/13,4545.04,4553.09,4533.03,4535.53,0,0.00
2015/03/16,4523.12,4555.00,4512.41,4548.46,0,0.00
2015/03/17,4585.33,4585.33,4530.83,4539.54,0,0.00
2015/03/18,4550.35,4591.50,4550.35,4575.39,0,0.00
2015/03/19,4620.12,4644.58,4601.08,4639.73,0,0.00
2015/03/20,4638.70,4649.37,4613.12,4620.19,0,0.00
2015/03/23,4656.85,4656.85,4631.90,4638.95,0,0.00
2015/03/24,4645.36,4647.16,4625.17,4639.57,0,0.00
2015/03/25,4646.78,4684.30,4643.04,4672.42,0,0.00
2015/03/26,4660.43,4681.91,4654.49,4667.12,0,0.00
2015/03/27,4678.00,4686.88,4658.45,4685.08,0,0.00
2015/03/30,4718.00,4756.97,4716.27,4742.25,0,0.00
2015/03/31,4791.95,4791.95,4743.48,4752.86,0,0.00
2015/04/01,4767.44,4791.39,4755.86,4788.04,0,0.00
2015/04/02,4811.44,4832.93,4799.66,4830.55,0,0.00
2015/04/08,4903.38,5012.09,4895.70,5010.23,0,0.00
2015/04/09,5139.11,5345.55,5110.92,5139.08,0,0.00
2015/04/10,5217.99,5217.99,5115.75,5188.15,0,0.00
2015/04/13,5215.49,5288.39,5191.66,5286.13,0,0.00
2015/04/14,5242.65,5262.16,5195.94,5201.58,0,0.00
2015/04/15,5223.93,5226.49,5154.58,5170.26,5284,52840.13
2015/04/16,5168.90,5194.67,5154.68,5184.62,4824,48244.08
2015/04/17,5196.80,5216.53,5181.11,5191.45,5225,52256.71
2015/04/20,5194.63,5194.63,5072.47,5096.88,4552,45527.12
2015/04/21,5162.87,5220.68,5154.12,5210.82,4792,47929.15
2015/04/22,5214.16,5257.42,5202.07,5245.38,4469,44695.73
2015/04/23,5281.80,5308.20,5252.26,5257.72,4699,46995.56
2015/04/24,5284.93,5304.68,5225.98,5300.89,4182,41828.25
2015/04/27,5339.61,5388.71,5339.61,5368.74,4797,47979.85
2015/04/28,5379.19,5380.91,5338.90,5364.38,3623,36239.40
2015/04/29,5367.95,5367.95,5324.95,5358.00,3673,36737.86
2015/04/30,5343.47,5343.47,5288.04,5323.79,4377,43773.61
2015/05/04,5344.51,5368.65,5314.03,5341.82,4102,41029.69
2015/05/05,5378.61,5378.61,5261.92,5293.31,3794,37945.27
2015/05/06,5278.58,5314.28,5244.69,5253.24,3604,36044.18
2015/05/07,5242.55,5242.55,5165.05,5181.29,5026,50262.65
2015/05/08,5233.11,5253.10,5209.93,5240.17,3340,33400.58
2015/05/11,5293.12,5293.12,5242.52,5266.66,3023,30238.77
2015/05/12,5260.22,5267.95,5211.38,5213.45,3915,39151.19
2015/05/13,5219.21,5227.35,5182.34,5190.80,4050,40508.84
2015/05/14,5216.33,5221.51,5181.04,5193.37,2660,26607.78
2015/05/15,5226.71,5304.30,5202.49,5289.88,3168,31683.59
2015/05/18,5285.68,5285.68,5231.40,5253.27,2588,25889.20
2015/05/19,5255.40,5266.54,5238.19,5254.95,2489,24896.00
2015/05/20,5269.89,5269.89,5182.79,5193.36,2641,26418.96
2015/05/21,5181.72,5181.72,5141.16,5156.47,2612,26122.48
2015/05/22,5185.79,5237.75,5183.63,5222.80,3170,31708.11
2015/05/26,5293.61,5303.27,5251.17,5252.53,4633,46333.58
2015/05/27,5306.38,5306.38,5275.38,5283.56,3330,33303.79
2015/05/28,5293.85,5293.85,5162.39,5190.78,4236,42367.31
2015/05/29,5196.90,5214.45,5165.88,5171.28,5390,53902.16
2015/06/01,5171.23,5222.69,5156.16,5196.77,2970,29701.62
2015/06/02,5181.36,5202.57,5153.67,5164.34,2601,26012.66
2015/06/03,5166.04,5174.24,5135.16,5146.62,3373,33736.55
2015/06/04,5140.20,5160.76,5042.45,5111.28,4175,41754.27
2015/06/05,5107.94,5124.87,5066.83,5070.73,3090,30904.63
2015/06/08,5050.88,5063.11,5024.92,5037.48,2539,25390.57
2015/06/09,5030.41,5030.41,4965.39,4971.13,3117,31171.17
2015/06/10,4991.66,5005.30,4915.82,4933.84,3129,31291.36
2015/06/11,4978.18,4989.10,4959.84,4967.41,2505,25057.05
2015/06/12,5000.00,5044.77,4989.26,5035.92,2737,27372.34
2015/06/15,5008.48,5013.30,4968.47,4972.08,2074,20740.61
2015/06/16,4962.12,4977.90,4921.77,4924.86,2181,21818.21
2015/06/17,4944.29,4974.27,4928.65,4955.19,2118,21186.24
2015/06/18,4966.44,4982.56,4938.70,4953.06,1871,18713.55
2015/06/19,4989.02,5004.15,4961.17,4966.66,2978,29789.41
2015/06/22,4985.19,5030.60,4975.50,5017.30,1985,19854.33
2015/06/23,5050.24,5084.99,5022.52,5073.92,2575,25750.67
2015/06/24,5086.01,5092.06,5063.47,5080.68,2203,22038.74
2015/06/25,5071.19,5076.24,5046.20,5046.99,2349,23497.84
2015/06/26,5030.82,5030.82,4948.89,4966.97,2693,26934.62
2015/06/29,4962.20,4972.29,4790.91,4848.08,3901,39013.54
2015/06/30,4847.83,4934.07,4834.50,4893.99,3277,32772.91
2015/07/02,4955.30,4955.30,4900.59,4919.43,3627,36277.57
2015/07/03,4929.13,4934.09,4843.12,4863.43,2589,25891.96
2015/07/06,4854.89,4885.69,4592.99,4691.96,5288,52888.56
2015/07/07,4721.32,4724.61,4615.75,4633.70,4084,40845.53
2015/07/08,4540.16,4540.16,4271.88,4372.33,7261,72616.53
2015/07/09,4373.27,4626.99,4365.74,4601.06,5539,55392.70
2015/07/10,4624.44,4712.84,4624.44,4693.28,4321,43216.93
2015/07/13,4662.51,4766.07,4639.64,4759.67,3010,30109.55
2015/07/14,4763.39,4769.96,4717.03,4751.26,2761,27619.72
2015/07/15,4767.45,4767.71,4702.55,4734.88,2243,22439.46
2015/07/16,4729.28,4762.16,4703.38,4761.25,1930,19301.48
2015/07/17,4767.24,4827.47,4765.28,4815.14,1937,19373.69
2015/07/20,4838.67,4839.46,4806.03,4821.48,1588,15889.84
2015/07/21,4831.85,4867.65,4820.93,4850.67,1749,17494.85
2015/07/22,4828.05,4828.05,4785.95,4798.80,1811,18118.14
2015/07/23,4810.73,4831.32,4797.54,4823.57,1732,17326.96
2015/07/24,4805.69,4806.67,4770.72,4780.96,1770,17706.73
2015/07/27,4740.84,4740.84,4616.90,4624.33,2821,28214.04
2015/07/28,4599.86,4744.64,4585.88,4656.73,2761,27619.77
2015/07/29,4674.51,4693.03,4646.02,4677.26,2040,20401.04
2015/07/30,4714.34,4730.67,4673.16,4674.16,1754,17540.82
2015/07/31,4703.14,4711.87,4677.38,4710.40,2181,21813.26
2015/08/03,4697.15,4698.35,4645.11,4666.92,1958,19584.16
2015/08/04,4665.27,4688.49,4633.72,4666.08,1800,18006.11
2015/08/05,4675.93,4694.88,4669.37,4686.24,1594,15946.32
2015/08/06,4690.24,4690.24,4656.49,4664.86,1566,15669.86
2015/08/07,4655.12,4701.72,4655.12,4691.26,1597,15971.80
2015/08/10,4675.30,4708.73,4628.16,4701.07,1920,19206.34
2015/08/11,4729.34,4769.93,4686.05,4698.65,2384,23849.82
2015/08/12,4658.26,4658.26,4558.88,4573.98,3156,31560.51
2015/08/13,4574.22,4600.76,4552.53,4582.21,2815,28150.91
2015/08/14,4587.84,4602.50,4584.04,4588.58,1933,19335.67
2015/08/17,4585.07,4585.58,4544.11,4562.19,1723,17233.48
2015/08/18,4583.13,4596.30,4494.13,4496.09,1962,19620.66
2015/08/19,4512.15,4515.07,4441.05,4443.96,2725,27256.98
2015/08/20,4412.41,4416.75,4342.87,4354.67,3349,33496.34
2015/08/21,4272.80,4308.25,4255.71,4291.15,3900,39006.14
2015/08/24,4135.16,4140.82,4051.76,4058.44,4591,45916.70
2015/08/25,4028.85,4179.42,4010.31,4101.66,4942,49428.38
2015/08/26,4102.58,4155.23,4045.02,4051.85,3542,35429.13
2015/08/27,4170.41,4219.13,4113.27,4199.72,4134,41346.94
2015/08/28,4299.77,4299.77,4187.21,4192.26,3588,35883.50
2015/08/31,4229.13,4229.13,4136.41,4186.39,2985,29853.88
2015/09/01,4190.15,4190.15,4093.69,4096.80,2678,26788.11
2015/09/02,4080.91,4114.34,4019.85,4052.24,2878,28781.13
2015/09/04,4102.85,4102.85,4035.79,4058.93,2328,23281.37
2015/09/07,4034.92,4093.29,4016.13,4017.05,2059,20590.62
2015/09/08,4029.12,4167.57,4009.47,4143.87,2455,24555.14
2015/09/09,4213.16,4305.46,4194.11,4290.14,3582,35828.30
2015/09/10,4212.26,4228.07,4183.47,4194.47,2293,22934.39
2015/09/11,4222.90,4247.89,4175.13,4176.72,2531,25315.88
2015/09/14,4208.50,4223.37,4164.06,4183.48,1738,17387.64
2015/09/15,4174.93,4192.01,4141.46,4148.51,2036,20361.88
2015/09/16,4194.69,4260.08,4176.71,4244.22,2399,23997.71
2015/09/17,4280.34,4280.34,4193.75,4223.42,2628,26280.49
2015/09/18,4218.33,4260.11,4218.33,4245.69,3144,31442.61
2015/09/21,4198.53,4229.29,4196.17,4222.04,1910,19106.71
2015/09/22,4233.08,4289.37,4232.55,4242.69,2155,21555.54
2015/09/23,4192.27,4198.75,4099.75,4144.53,2589,25891.72
2015/09/24,4148.20,4157.37,4113.63,4122.60,1862,18620.02
2015/09/25,4119.98,4145.33,4089.08,4127.99,2030,20302.60
2015/09/29,4017.30,4017.30,3976.72,4008.42,2771,27714.55
2015/09/30,4055.56,4076.15,4029.10,4070.33,2833,28339.94
2015/10/02,4138.78,4200.29,4130.86,4198.19,3440,34400.11
2015/10/05,4273.44,4284.71,4233.98,4256.16,2332,23326.14
2015/10/06,4314.08,4314.08,4226.51,4244.97,2654,26547.36
2015/10/07,4256.66,4354.33,4242.61,4350.55,3372,33725.64
2015/10/08,4365.76,4365.76,4300.91,4318.94,2610,26103.46
2015/10/09,4363.42,4383.96,4330.84,4334.17,2629,26294.14
2015/10/12,4364.33,4388.99,4354.44,4383.65,2525,25255.60
2015/10/13,4382.33,4404.23,4355.55,4368.26,2360,23603.20
2015/10/14,4341.61,4361.51,4327.25,4344.38,1914,19144.20
2015/10/15,4380.97,4429.43,4364.40,4427.60,2900,29004.23
2015/10/16,4468.18,4472.63,4433.66,4455.63,2877,28776.27
2015/10/19,4469.07,4469.07,4427.84,4454.24,1813,18139.54
2015/10/20,4440.54,4451.33,4416.79,4436.70,1800,18003.88
2015/10/22,4399.21,4412.27,4390.18,4408.62,2111,21118.40
2015/10/23,4474.53,4474.53,4452.14,4463.59,2216,22160.99
2015/10/26,4517.34,4517.34,4456.27,4462.28,1864,18644.15
2015/10/27,4451.70,4463.03,4421.97,4463.03,1830,18302.89
2015/10/28,4453.57,4462.44,4436.11,4440.80,1557,15573.26
2015/10/29,4460.02,4460.02,4417.88,4417.88,1891,18915.66
2015/10/30,4418.85,4426.15,4389.43,4393.68,1922,19223.04
2015/11/02,4379.70,4390.00,4344.41,4349.74,1918,19182.83
2015/11/03,4387.43,4412.16,4386.82,4394.02,1863,18633.43
2015/11/04,4424.21,4525.09,4420.82,4474.98,3618,36188.81
2015/11/05,4477.39,4490.52,4459.35,4471.52,2254,22547.24
2015/11/06,4453.73,4454.53,4430.23,4451.85,1822,18227.03
2015/11/09,4441.12,4461.60,4414.21,4420.61,1972,19721.35
2015/11/10,4387.72,4387.72,4347.81,4356.73,2240,22406.13
2015/11/11,4360.98,4376.43,4350.23,4354.22,1836,18368.42
2015/11/12,4379.50,4461.61,4378.69,4451.52,2189,21893.10
2015/11/13,4386.74,4388.10,4356.32,4368.59,2163,21636.82
2015/11/16,4291.17,4316.66,4291.17,4297.01,1938,19381.23
2015/11/17,4350.95,4377.77,4340.86,4342.54,1778,17780.67
2015/11/18,4359.62,4360.31,4329.43,4334.97,1659,16596.74
2015/11/19,4377.13,4399.31,4372.92,4387.32,1818,18186.39
2015/11/20,4388.91,4432.87,4372.60,4431.34,1610,16104.42
2015/11/23,4433.74,4442.02,4409.93,4417.21,1492,14929.90
2015/11/24,4409.60,4415.08,4385.54,4409.46,1335,13357.63
2015/11/25,4402.35,4410.21,4381.90,4392.09,1699,16992.37
2015/11/26,4432.63,4436.04,4378.83,4383.18,1533,15339.20
2015/11/27,4394.65,4397.48,4301.52,4303.32,2040,20405.09
2015/11/30,4297.01,4329.11,4278.71,4293.72,3394,33948.42
2015/12/01,4330.23,4373.58,4320.49,4369.25,2521,25212.57
2015/12/02,4388.13,4399.19,4373.05,4387.17,2169,21693.67
2015/12/03,4364.35,4384.48,4361.57,4375.71,1792,17921.76
2015/12/04,4326.08,4348.25,4316.83,4346.79,2427,24279.01
2015/12/07,4364.48,4369.11,4344.68,4346.61,2444,24444.03
2015/12/08,4326.29,4326.29,4274.34,4299.18,2826,28265.20
2015/12/09,4279.36,4302.83,4276.77,4293.45,1884,18849.82
2015/12/10,4280.94,4305.22,4265.36,4272.48,2050,20507.75
2015/12/11,4276.54,4278.23,4217.36,4222.91,1818,18182.57
2015/12/14,4143.13,4198.67,4131.01,4192.11,2182,21825.35
2015/12/15,4180.15,4212.87,4180.15,4185.06,1837,18375.98
2015/12/16,4229.49,4264.49,4228.86,4253.09,1850,18509.79
2015/12/17,4276.87,4304.16,4266.30,4287.41,2087,20875.25
2015/12/18,4251.06,4290.49,4246.08,4260.74,2175,21756.72
2015/12/21,4242.75,4267.79,4242.75,4256.09,1330,13301.38
2015/12/22,4269.27,4273.94,4251.56,4267.07,1161,11610.54
2015/12/23,4273.44,4309.47,4270.54,4301.94,1271,12710.40
2015/12/24,4328.99,4332.59,4313.87,4315.95,658,6580.43
2015/12/28,4316.90,4316.90,4276.23,4280.33,823,8235.69
2015/12/29,4283.75,4300.47,4275.39,4297.99,950,9506.65
2015/12/30,4316.28,4318.68,4285.22,4288.03,976,9767.61
2015/12/31,4291.08,4302.81,4286.25,4297.59,693,6930.66
2016/01/04,4277.22,4278.29,4171.09,4186.96,1996,19965.33
2016/01/05,4197.58,4212.28,4151.18,4166.45,1885,18853.96
2016/01/06,4166.29,4170.74,4121.91,4125.63,1866,18663.26
2016/01/07,4093.41,4100.92,3995.29,3998.18,2872,28727.06
2016/01/08,4015.10,4033.90,3983.70,4010.09,2429,24291.84
2016/01/11,3925.63,3933.34,3894.43,3895.92,2513,25133.29
2016/01/12,3920.81,3940.06,3863.72,3864.98,2076,20768.84
2016/01/13,3925.47,3958.08,3896.38,3911.23,2157,21578.96
2016/01/14,3846.71,3894.95,3829.21,3887.23,2142,21428.33
2016/01/15,3880.68,3890.10,3836.71,3840.97,1983,19837.87
2016/01/18,3795.46,3820.75,3776.10,3789.66,2083,20833.03
2016/01/19,3795.73,3869.60,3778.17,3867.06,2270,22709.47
2016/01/20,3813.82,3813.82,3717.31,3720.69,2736,27368.15
2016/01/21,3749.57,3780.77,3640.34,3642.06,3025,30253.04
2016/01/22,3722.09,3752.38,3683.24,3744.92,2625,26259.13
2016/01/25,3797.68,3826.41,3791.67,3804.37,2173,21730.17
2016/01/26,3759.21,3766.74,3707.75,3717.74,2078,20786.10
2016/01/27,3782.83,3783.11,3732.05,3754.77,2159,21593.84
2016/01/28,3762.80,3781.97,3742.48,3777.70,2277,22779.48
2016/01/29,3771.79,3866.39,3760.17,3860.71,2989,29892.35
2016/02/01,3877.39,3877.39,3829.21,3854.76,2097,20970.42
2016/02/02,3842.90,3867.64,3828.51,3839.05,1991,19912.42
2016/02/03,3742.52,3753.66,3708.90,3745.75,2686,26869.87
2016/02/04,3777.05,3800.14,3772.62,3775.34,1812,18128.64
2016/02/05,3799.97,3811.19,3772.01,3783.13,1614,16148.93
2016/02/11,3656.15,3665.33,3639.68,3655.81,2674,26742.72
2016/02/12,3609.07,3645.17,3609.07,3623.50,2143,21435.71
2016/02/15,3684.14,3730.70,3684.14,3728.37,2054,20542.33
2016/02/16,3739.80,3779.52,3732.42,3757.44,1887,18878.19
2016/02/17,3774.51,3794.50,3725.87,3730.06,1809,18099.57
2016/02/18,3808.74,3818.35,3790.17,3815.50,2043,20432.83
2016/02/19,3799.69,3818.52,3793.36,3815.29,1534,15343.51
2016/02/22,3827.77,3854.45,3827.77,3846.84,1741,17418.89
2016/02/23,3855.59,3857.61,3823.13,3833.09,1673,16731.74
2016/02/24,3815.97,3820.63,3767.48,3794.36,1712,17123.00
2016/02/25,3800.48,3802.01,3732.48,3737.17,1765,17657.02
2016/02/26,3793.82,3840.86,3791.73,3832.36,1961,19617.14
2016/02/29,3839.74,3840.51,3776.04,3782.52,1725,17251.55
2016/03/01,3805.37,3838.79,3787.62,3836.81,1846,18468.03
2016/03/02,3907.67,3956.29,3907.67,3950.82,3044,30446.83
2016/03/03,3964.31,3964.31,3911.32,3939.23,2229,22295.54
2016/03/04,3959.91,3984.78,3942.75,3982.81,2270,22705.94
2016/03/07,3998.83,4003.86,3960.37,3970.16,2179,21791.76
2016/03/08,3964.80,3966.68,3925.05,3943.14,1654,16547.62
2016/03/09,3929.06,3943.88,3912.88,3941.08,1712,17121.21
2016/03/10,3953.78,3970.93,3925.12,3934.65,1593,15936.36
2016/03/11,3925.47,3987.60,3916.26,3982.07,2122,21224.01
2016/03/14,4013.38,4036.95,4008.87,4025.04,2512,25122.58
2016/03/15,3999.98,4012.42,3989.97,3996.56,1602,16020.86
2016/03/16,4001.43,4009.52,3966.78,3982.38,1472,14723.10
2016/03/17,4033.71,4044.38,4014.68,4025.51,2160,21605.05
2016/03/18,4050.08,4069.30,4032.05,4066.31,3358,33584.31
2016/03/21,4082.88,4090.97,4065.35,4079.74,2449,24497.94
2016/03/22,4096.12,4096.12,4062.64,4079.79,2188,21884.35
2016/03/23,4077.37,4083.25,4051.74,4067.99,1999,19993.71
2016/03/24,4051.37,4057.59,4020.61,4032.60,2057,20579.81
2016/03/29,4046.72,4046.72,4021.34,4039.01,1998,19981.41
2016/03/30,4068.93,4121.42,4067.91,4119.68,2648,26488.92
2016/03/31,4123.01,4134.27,4107.67,4125.69,2398,23989.23
2016/04/01,4124.12,4124.12,4066.86,4072.40,2023,20239.35
2016/04/05,4048.27,4048.70,4010.04,4021.82,2338,23383.57
2016/04/06,4012.75,4036.86,4012.37,4033.75,1808,18086.17
2016/04/07,4054.49,4068.31,4041.58,4056.07,1815,18150.11
2016/04/08,4024.65,4071.68,4015.66,4070.94,1642,16421.61
2016/04/11,4050.70,4099.93,4046.25,4081.72,1554,15540.19
2016/04/12,4082.67,4101.03,4078.37,4094.66,1476,14763.03
2016/04/13,4137.10,4204.21,4130.38,4202.25,3057,30570.78
2016/04/14,4257.51,4265.49,4219.58,4232.54,2722,27226.77
2016/04/15,4238.28,4247.31,4221.71,4234.55,1746,17468.66
2016/04/18,4208.77,4210.88,4183.09,4208.75,1484,14849.36
2016/04/19,4255.80,4256.15,4223.18,4253.85,1974,19742.61
2016/04/20,4256.47,4256.47,4187.08,4206.94,2347,23475.09
2016/04/21,4241.25,4280.74,4228.48,4279.58,2451,24517.20
2016/04/22,4255.01,4261.41,4236.52,4253.54,1993,19935.16
2016/04/25,4246.24,4250.62,4220.42,4229.08,1633,16337.98
2016/04/26,4240.66,4245.63,4182.85,4242.62,1875,18757.87
2016/04/27,4238.46,4241.24,4208.82,4222.33,1625,16253.19
2016/04/28,4246.69,4269.42,4201.04,4221.22,2312,23121.70
2016/04/29,4197.84,4199.49,4160.67,4163.39,1823,18231.95
2016/05/03,4163.63,4164.90,4095.50,4097.04,3331,33317.13
2016/05/04,4082.81,4085.87,4056.63,4074.40,1926,19266.92
2016/05/05,4049.86,4074.45,4043.78,4059.73,1680,16807.01
2016/05/06,4049.73,4050.81,3980.27,3990.55,2077,20775.07
2016/05/09,4019.25,4025.98,3997.31,4002.08,1371,13714.43
2016/05/10,3966.38,4022.90,3966.38,4015.66,1678,16786.52
2016/05/11,4038.92,4038.92,3983.11,3990.47,1715,17155.02
2016/05/12,4001.33,4001.33,3951.29,3961.21,1685,16855.62
2016/05/13,3951.15,3957.85,3897.90,3922.54,2287,22877.85
2016/05/16,3923.04,3974.22,3922.65,3961.98,1770,17709.13
2016/05/17,3979.64,4009.98,3955.40,4005.33,1798,17984.78
2016/05/18,3960.38,3966.85,3937.00,3952.32,1755,17559.59
2016/05/19,3936.76,3944.45,3917.62,3923.58,1843,18434.53
2016/05/20,3908.27,3966.90,3908.27,3945.72,1647,16472.12
2016/05/23,3938.39,3957.77,3923.48,3933.56,1299,12991.29
2016/05/24,3939.28,3942.45,3916.67,3933.77,1412,14125.81
2016/05/25,3989.99,4026.42,3989.99,4021.85,2166,21667.75
2016/05/26,4027.33,4032.93,4003.94,4030.79,1525,15255.56
2016/05/27,4037.11,4069.39,4016.33,4064.32,2150,21500.43
2016/05/30,4058.65,4097.54,4046.37,4077.33,1801,18019.48
2016/05/31,4077.29,4143.23,4076.83,4117.22,4191,41910.78
2016/06/01,4101.20,4127.74,4094.14,4105.36,2108,21080.43
2016/06/02,4106.57,4120.20,4092.54,4115.51,2176,21760.05
2016/06/03,4134.29,4151.01,4120.99,4131.18,2221,22210.75
2016/06/06,4132.04,4146.36,4113.74,4145.45,1637,16371.86
2016/06/07,4180.84,4206.04,4169.75,4203.22,2119,21192.30
2016/06/08,4195.02,4197.73,4171.66,4184.40,1856,18569.02
2016/06/10,4180.93,4182.59,4128.80,4132.08,2053,20535.92
2016/06/13,4059.05,4064.28,4013.99,4026.48,2092,20928.38
2016/06/14,4021.71,4029.46,3993.17,3997.27,1714,17143.33
2016/06/15,3967.34,4031.16,3964.65,4014.10,1751,17513.91
2016/06/16,3991.71,3993.45,3927.60,3938.05,2030,20306.01
2016/06/17,3975.58,3986.36,3950.50,3966.27,2046,20463.55
2016/06/20,4007.85,4031.21,3985.38,4024.03,1677,16775.81
2016/06/21,4031.23,4052.77,4029.22,4049.49,1439,14390.84
2016/06/22,4045.79,4091.27,4036.43,4081.58,1843,18437.40
2016/06/23,4094.75,4096.78,4076.21,4091.80,1567,15670.35
2016/06/24,4033.61,4117.12,3867.34,3975.61,4683,46836.66
2016/06/27,3931.79,3971.58,3922.14,3954.80,2178,21789.42
2016/06/28,3892.46,3945.16,3892.46,3940.85,2177,21772.06
2016/06/29,3961.84,4004.92,3961.77,4000.75,2084,20842.54
2016/06/30,4055.95,4082.20,4038.25,4078.11,2676,26764.83
2016/07/04,4108.76,4146.38,4085.41,4131.37,2356,23562.51
2016/07/05,4115.62,4115.62,4074.30,4076.11,1563,15631.11
2016/07/06,4033.11,4037.68,3994.91,4028.33,1830,18301.28
2016/07/07,4050.16,4072.82,4040.92,4070.44,1426,14265.41
2016/07/08,4058.63,4062.00,4031.59,4048.57,1389,13895.89
2016/07/11,4115.53,4116.60,4093.93,4102.80,2065,20656.37
2016/07/12,4134.62,4170.15,4118.07,4166.94,2344,23448.19
2016/07/13,4185.44,4200.05,4171.68,4180.47,2049,20491.46
2016/07/14,4179.51,4221.91,4162.40,4217.57,1912,19126.14
2016/07/15,4226.93,4252.22,4212.88,4240.39,2187,21878.62
2016/07/18,4241.76,4270.12,4232.65,4266.05,1741,17419.38
2016/07/19,4256.52,4260.79,4235.77,4250.22,1627,16277.73
2016/07/20,4245.62,4296.08,4244.60,4293.74,1969,19695.68
2016/07/21,4307.31,4347.54,4296.81,4327.31,2322,23227.38
2016/07/22,4314.32,4314.32,4297.97,4311.31,1584,15842.48
2016/07/25,4334.93,4334.93,4302.51,4322.78,1449,14497.26
2016/07/26,4305.85,4375.95,4305.85,4352.02,2490,24904.95
2016/07/27,4359.62,4374.81,4327.57,4361.63,2050,20501.53
2016/07/28,4346.93,4361.99,4336.62,4359.22,1955,19550.49
2016/07/29,4339.82,4352.20,4289.76,4299.86,2080,20805.30
2016/08/01,4324.36,4359.83,4324.36,4340.54,2176,21769.52
2016/08/02,4340.54,4340.54,4340.54,4340.54,0,0.00
2016/08/03,4283.71,4290.48,4269.93,4274.40,2451,24515.68
2016/08/04,4298.71,4306.27,4283.04,4297.31,1636,16363.97
2016/08/05,4318.70,4359.99,4318.70,4352.49,1713,17132.41
2016/08/08,4383.67,4422.21,4375.69,4422.21,1945,19459.64
2016/08/09,4417.53,4424.39,4408.32,4419.01,1660,16601.40
2016/08/10,4427.80,4447.76,4400.36,4419.10,2052,20520.26
2016/08/11,4404.37,4445.34,4394.15,4427.31,2109,21090.44
2016/08/12,4460.47,4466.40,4447.04,4457.76,2347,23476.65
2016/08/15,4459.92,4487.19,4459.92,4476.92,2358,23583.11
2016/08/16,4493.61,4503.67,4461.41,4468.50,2462,24628.65
2016/08/17,4484.23,4494.71,4444.88,4451.24,2591,25915.20
2016/08/18,4497.16,4519.18,4485.75,4494.37,3215,32159.53
2016/08/19,4515.89,4516.60,4468.37,4476.39,2415,24151.05
2016/08/22,4478.32,4489.26,4448.08,4488.11,1841,18415.79
2016/08/23,4480.26,4482.10,4458.71,4482.10,1622,16229.57
2016/08/24,4490.11,4494.09,4441.89,4462.85,1743,17438.23
2016/08/25,4461.72,4463.10,4436.33,4450.47,2521,25218.09
2016/08/26,4451.26,4484.84,4451.26,4473.46,1684,16847.99
2016/08/29,4474.74,4480.55,4452.21,4462.25,1605,16050.28
2016/08/30,4483.69,4509.91,4473.75,4499.46,1978,19787.52
2016/08/31,4507.33,4507.53,4476.07,4487.67,2524,25246.37
2016/09/01,4471.14,4512.61,4463.52,4507.91,2601,26015.25
2016/09/02,4511.64,4538.87,4510.46,4531.66,2967,29673.36
2016/09/05,4590.40,4615.59,4581.78,4610.62,2816,28160.60
2016/09/06,4616.78,4638.97,4594.59,4638.97,2435,24359.06
2016/09/07,4641.50,4641.97,4613.19,4624.21,2510,25106.68
2016/09/08,4616.23,4665.02,4610.99,4665.02,2942,29420.69
2016/09/09,4665.87,4748.54,4663.08,4699.19,4471,44717.65
2016/09/12,4608.34,4613.58,4556.15,4556.15,3337,33374.63
2016/09/13,4604.62,4624.71,4541.24,4545.64,2448,24489.58
2016/09/14,4545.74,4574.19,4535.45,4543.51,1935,19358.33
2016/09/15,4549.02,4591.24,4544.59,4569.62,2599,25993.51
2016/09/19,4594.75,4609.76,4574.85,4605.49,2652,26526.80
2016/09/20,4596.77,4602.18,4574.97,4596.24,2106,21067.43
2016/09/21,4594.49,4627.62,4580.79,4620.41,2134,21344.08
2016/09/22,4664.26,4687.07,4627.36,4641.94,2647,26479.52
2016/09/23,4650.71,4654.68,4626.29,4638.38,2511,25115.24
2016/09/26,4616.60,4618.93,4556.37,4566.02,2234,22349.86
2016/09/27,4569.70,4615.34,4556.40,4604.55,2049,20493.52
2016/09/28,4584.61,4616.40,4578.42,4616.39,1760,17609.89
2016/09/29,4651.03,4652.70,4610.63,4633.30,1729,17297.46
2016/09/30,4584.56,4589.41,4542.13,4551.41,2467,24676.12
2016/10/03,4613.32,4625.75,4592.39,4609.29,1711,17116.20
2016/10/04,4624.44,4628.60,4598.04,4628.60,1724,17246.63
2016/10/05,4619.19,4647.56,4604.45,4643.60,1715,17150.58
2016/10/06,4653.74,4666.52,4644.62,4660.31,2215,22156.07
2016/10/07,4657.25,4657.87,4622.53,4638.40,1723,17230.93
2016/10/11,4663.27,4675.55,4573.07,4593.88,3107,31073.56
2016/10/12,4566.82,4578.87,4550.13,4578.85,2178,21781.74
2016/10/13,4565.25,4569.44,4512.94,4517.98,2347,23476.19
2016/10/14,4530.68,4562.98,4530.68,4548.12,1866,18661.65
2016/10/17,4538.76,4541.52,4502.17,4511.50,1712,17123.63
2016/10/18,4528.14,4579.49,4528.14,4579.16,1914,19141.22
2016/10/19,4583.21,4593.42,4557.61,4574.62,1634,16348.01
2016/10/20,4589.61,4602.46,4578.46,4583.16,1702,17022.37
2016/10/21,4583.16,4583.16,4583.16,4583.16,0,0.00
2016/10/24,4597.70,4617.57,4559.49,4616.84,2682,26821.02
2016/10/25,4618.15,4619.36,4600.44,4610.49,1824,18243.83
2016/10/26,4586.51,4593.23,4566.52,4570.35,1756,17566.18
2016/10/27,4574.49,4576.00,4515.21,4536.75,2075,20753.40
2016/10/28,4527.52,4537.24,4481.60,4504.75,2781,27812.65
2016/10/31,4481.67,4503.70,4464.30,4485.07,2455,24551.42
2016/11/01,4498.65,4541.22,4496.76,4517.07,2374,23744.09
2016/11/02,4484.82,4486.88,4455.02,4461.81,1673,16738.62
2016/11/03,4447.85,4465.69,4434.13,4434.13,1762,17621.97
2016/11/04,4423.89,4446.94,4415.83,4423.48,1717,17176.77
2016/11/07,4422.53,4458.17,4411.88,4445.17,2686,26869.19
2016/11/08,4479.96,4482.03,4455.97,4467.81,1964,19640.66
2016/11/09,4489.60,4489.60,4301.88,4390.23,3973,39730.50
2016/11/10,4466.04,4481.87,4456.68,4470.95,2816,28169.90
2016/11/11,4432.56,4438.39,4396.60,4407.04,3909,39095.94
2016/11/14,4371.51,4373.09,4330.54,4344.92,3143,31437.19
2016/11/15,4352.03,4374.67,4348.91,4360.46,2472,24725.53
2016/11/16,4379.86,4394.16,4362.88,4363.18,2594,25941.47
2016/11/17,4342.82,4374.39,4331.09,4364.04,2498,24989.55
2016/11/18,4363.51,4386.60,4346.13,4381.33,2056,20562.36
2016/11/21,4374.23,4398.11,4361.87,4374.27,1986,19864.50
2016/11/22,4400.94,4427.40,4396.19,4421.69,2303,23034.87
2016/11/23,4421.44,4435.60,4405.36,4412.08,1752,17524.78
2016/11/24,4397.78,4406.86,4381.78,4398.52,1693,16934.02
2016/11/25,4400.91,4420.32,4395.55,4412.31,1528,15287.18
2016/11/28,4416.22,4451.41,4416.22,4430.35,2141,21413.81
2016/11/29,4418.05,4437.58,4411.42,4411.42,2125,21256.20
2016/11/30,4428.67,4437.03,4417.15,4437.03,3240,32408.58
2016/12/01,4459.27,4466.59,4437.06,4444.28,2450,24506.50
2016/12/02,4419.04,4420.55,4383.35,4383.98,2970,29701.70
2016/12/05,4395.04,4398.44,4351.11,4370.43,2070,20708.21
2016/12/06,4403.38,4410.69,4391.85,4401.17,2071,20711.81
2016/12/07,4424.96,4433.42,4407.38,4423.99,2432,24329.12
2016/12/08,4462.50,4472.15,4424.38,4435.57,2875,28752.77
2016/12/09,4415.13,4416.52,4387.81,4406.14,3295,32958.99
2016/12/12,4422.88,4423.28,4329.72,4342.49,2832,28323.66
2016/12/13,4339.05,4349.61,4320.59,4349.61,2220,22205.12
2016/12/14,4375.50,4383.88,4350.15,4352.22,2127,21277.13
2016/12/15,4327.33,4330.39,4280.48,4293.49,2801,28014.62
2016/12/16,4287.99,4306.99,4275.58,4288.88,2908,29080.26
2016/12/19,4277.75,4279.07,4244.79,4251.24,1769,17696.11
2016/12/20,4240.50,4255.44,4218.37,4232.36,1764,17640.71
2016/12/21,4234.88,4260.95,4233.96,4243.15,1576,15762.04
2016/12/22,4245.60,4249.15,4209.41,4216.20,1579,15797.56
2016/12/23,4201.03,4209.07,4190.56,4190.78,1550,15504.75
2016/12/28,4193.20,4215.98,4180.64,4208.31,1672,16724.84
2016/12/29,4184.25,4219.22,4182.42,4214.50,1697,16973.10
2016/12/30,4221.64,4266.70,4221.64,4254.33,1541,15416.25
2017/01/03,4258.45,4289.51,4238.51,4288.17,1444,14446.43
2017/01/04,4299.86,4308.59,4281.93,4295.20,1522,15223.25
2017/01/05,4322.06,4352.56,4308.46,4349.28,2083,20830.81
2017/01/06,4372.91,4376.47,4346.69,4353.78,1948,19485.50
2017/01/09,4369.68,4374.94,4355.75,4373.12,1685,16856.19
2017/01/10,4376.33,4411.68,4373.38,4411.68,2188,21882.54
2017/01/11,4423.54,4448.93,4416.28,4447.61,2349,23492.61
2017/01/12,4448.89,4450.79,4413.99,4428.23,2191,21915.21
2017/01/13,4434.28,4449.22,4432.75,4446.58,1693,16937.12
2017/01/16,4444.73,4444.90,4401.45,4411.86,1655,16556.37
2017/01/17,4432.67,4450.22,4418.42,4449.22,1597,15971.20
2017/01/18,4458.41,4506.48,4456.81,4503.18,2434,24341.08
2017/01/19,4507.73,4507.73,4477.13,4493.57,1816,18165.97
2017/01/20,4477.49,4484.61,4462.36,4470.14,1837,18373.96
2017/01/23,4476.33,4498.66,4462.27,4472.72,1680,16802.28
2017/01/24,4480.34,4489.42,4473.38,4485.52,1995,19952.30
2017/01/25,4507.62,4518.80,4498.55,4518.80,1917,19173.83
2017/01/26,4542.77,4577.49,4540.10,4577.49,2419,24199.80
2017/01/27,4574.90,4582.86,4567.05,4577.99,1177,11774.28
2017/02/01,4543.00,4573.44,4526.25,4573.44,2267,22672.27
2017/02/02,4572.28,4591.98,4538.59,4549.98,1616,16167.34
2017/02/03,4555.88,4558.08,4519.92,4548.43,1828,18283.73
2017/02/06,4566.45,4586.18,4552.32,4586.18,1895,18954.54
2017/02/07,4577.89,4595.29,4571.69,4583.48,2035,20355.05
2017/02/08,4576.35,4617.73,4560.43,4617.73,2994,29948.84
2017/02/09,4621.08,4637.98,4608.69,4615.69,2945,29455.34
2017/02/10,4639.57,4652.58,4622.13,4624.74,2678,26780.47
2017/02/13,4640.15,4646.95,4628.77,4640.31,2226,22269.13
2017/02/14,4637.65,4641.91,4621.95,4639.13,2410,24103.49
2017/02/15,4650.93,4680.93,4648.79,4666.42,3061,30614.31
2017/02/16,4680.54,4684.02,4654.87,4676.39,2911,29110.16
2017/02/17,4671.38,4680.63,4653.23,4665.70,2642,26423.53
2017/02/20,4668.79,4682.78,4656.28,4678.49,2099,20994.02
2017/02/21,4685.19,4689.95,4632.51,4642.59,2914,29144.05
2017/02/22,4656.12,4685.92,4651.24,4685.92,3056,30567.67
2017/02/23,4674.57,4689.62,4661.43,4671.89,2606,26065.10
2017/02/24,4677.18,4679.09,4644.67,4646.64,2558,25581.58
2017/02/27,4640.23,4660.40,4623.16,4639.28,2247,22476.27
2017/02/28,4642.22,4648.76,4602.30,4602.30,2456,24560.62
2017/03/01,4625.37,4633.08,4603.87,4626.84,2475,24753.92
2017/03/02,4673.60,4681.52,4627.29,4633.24,2761,27619.97
2017/03/03,4615.60,4618.29,4593.05,4610.35,2530,25305.41
2017/03/06,4622.18,4632.87,4615.24,4620.23,1891,18910.34
2017/03/07,4625.36,4643.23,4617.11,4637.49,2016,20168.46
2017/03/08,4632.37,4662.39,4620.85,4660.39,2256,22561.13
2017/03/09,4648.53,4649.45,4609.95,4621.14,2062,20625.68
2017/03/10,4623.83,4645.37,4615.54,4640.90,2137,21372.34
2017/03/13,4646.26,4684.22,4635.97,4679.22,2838,28387.44
2017/03/14,4685.11,4688.74,4663.45,4671.62,2411,24115.49
2017/03/15,4654.06,4684.22,4645.13,4676.88,2294,22937.49
2017/03/16,4722.24,4754.95,4708.12,4754.95,3352,33518.21
2017/03/17,4772.44,4774.67,4749.25,4764.61,4124,41244.78
2017/03/20,4761.76,4793.12,4760.08,4793.12,3254,32536.85
2017/03/21,4802.58,4814.26,4792.09,4807.04,3028,30277.37
2017/03/22,4762.32,4769.15,4741.24,4766.39,3590,35896.31
2017/03/23,4772.57,4793.55,4760.71,4771.05,3529,35293.63
2017/03/24,4784.05,4788.89,4757.11,4774.49,2746,27457.71
2017/03/27,4754.96,4784.18,4725.68,4736.13,2789,27890.40
2017/03/28,4762.03,4768.97,4753.54,4768.89,2323,23230.21
2017/03/29,4793.75,4793.75,4762.78,4775.32,2664,26638.82
2017/03/30,4779.33,4780.55,4750.10,4762.38,2608,26081.22
2017/03/31,4764.17,4766.70,4731.05,4736.88,2432,24323.37
2017/04/03,4766.08,4774.52,4755.44,4774.52,2096,20956.42
2017/04/05,4794.09,4809.48,4768.32,4809.48,3635,36348.75
2017/04/06,4798.29,4810.16,4782.57,4795.75,2363,23631.31
2017/04/07,4796.25,4799.87,4744.60,4799.87,2753,27530.97
2017/04/10,4808.06,4808.06,4786.58,4794.15,1877,18774.63
2017/04/11,4799.53,4807.44,4756.48,4769.69,2279,22790.42
2017/04/12,4769.64,4812.64,4755.44,4812.64,2277,22768.93
2017/04/13,4789.12,4821.68,4785.52,4802.20,2383,23830.04
2017/04/18,4800.81,4802.24,4732.78,4741.23,2607,26072.65
2017/04/19,4734.83,4738.36,4704.52,4726.56,2790,27900.08
2017/04/20,4732.91,4765.64,4727.42,4765.64,2454,24541.82
2017/04/21,4779.65,4785.72,4749.68,4759.70,2182,21820.46
2017/04/24,4784.33,4786.14,4736.54,4773.00,2370,23703.67
2017/04/25,4784.15,4825.96,4783.97,4825.96,2901,29013.50
2017/04/26,4847.81,4858.01,4835.32,4847.67,2955,29553.80
2017/04/27,4871.68,4876.95,4829.93,4875.10,2891,28910.93
2017/04/28,4870.13,4870.96,4846.21,4858.29,2352,23519.04
2017/05/02,4885.16,4885.86,4854.75,4873.55,2679,26787.66
2017/05/04,4875.50,4875.50,4847.51,4873.97,3312,33115.11
2017/05/05,4869.72,4870.60,4819.76,4840.73,3206,32064.02
2017/05/08,4864.97,4868.18,4842.45,4861.38,2567,25673.40
2017/05/09,4876.68,4918.77,4857.54,4918.77,2579,25787.02
2017/05/10,4926.58,4958.02,4926.58,4933.26,3285,32851.08
2017/05/11,4948.39,4965.06,4934.50,4954.87,2926,29260.88
2017/05/12,4960.45,4967.84,4943.54,4955.99,2616,26158.21
2017/05/15,4966.91,4975.24,4949.32,4974.32,3026,30259.62
2017/05/16,4982.45,4982.45,4954.82,4973.36,2869,28694.01
2017/05/17,4980.26,4982.26,4959.48,4968.78,2535,25351.35
2017/05/18,4916.51,4965.30,4914.86,4938.09,3934,39337.72
2017/05/19,4951.09,4972.99,4942.88,4957.07,2692,26923.20
2017/05/22,4981.55,5007.11,4967.40,4998.24,3372,33724.16
2017/05/23,5007.47,5010.51,4975.22,4995.73,2999,29987.45
2017/05/24,4995.81,5009.67,4978.91,5009.62,2542,25421.82
2017/05/25,5026.52,5050.10,5021.83,5039.92,2652,26519.20
2017/05/26,5041.95,5051.12,5023.18,5037.55,2175,21749.40
2017/05/29,5043.13,5068.16,5033.98,5060.69,2499,24989.95
2017/05/31,5059.33,5074.99,5047.65,5057.54,4679,46790.86
2017/06/01,5072.81,5082.38,5051.57,5079.04,3155,31546.27
2017/06/02,5102.02,5106.75,5087.01,5100.14,3127,31272.99
2017/06/05,5102.98,5108.10,5086.98,5101.21,2460,24604.38
2017/06/06,5098.70,5136.00,5098.34,5132.72,2850,28502.96
2017/06/07,5138.82,5144.02,5121.67,5136.02,3154,31542.09
2017/06/08,5137.85,5155.48,5127.27,5155.48,2799,27987.70
2017/06/09,5164.86,5164.86,5125.10,5144.58,5150,51502.54
2017/06/12,5129.42,5130.75,5076.84,5085.60,3248,32484.69
2017/06/13,5105.33,5113.27,5086.77,5111.29,2688,26884.66
2017/06/14,5123.09,5124.19,5079.53,5106.28,2528,25282.21
2017/06/15,5090.21,5090.21,5051.57,5053.92,2541,25413.48
2017/06/16,5061.90,5080.40,5046.63,5060.56,2927,29270.85
2017/06/19,5080.68,5115.47,5080.13,5114.68,2151,21505.87
2017/06/20,5133.69,5136.96,5106.84,5106.84,2162,21618.32
2017/06/21,5093.36,5110.88,5061.88,5080.49,2287,22870.67
2017/06/22,5086.95,5125.37,5081.08,5089.94,2320,23197.62
2017/06/23,5102.39,5107.47,5085.91,5095.81,2158,21583.88
2017/06/26,5101.38,5132.60,5101.28,5132.27,2297,22966.50
2017/06/27,5139.40,5147.00,5122.96,5130.89,2470,24698.73
2017/06/28,5114.96,5127.92,5090.54,5105.15,2732,27316.93
2017/06/29,5148.32,5175.61,5142.88,5175.61,3207,32073.13
2017/06/30,5126.62,5147.73,5118.28,5141.07,3071,30708.26
2017/07/03,5132.24,5158.13,5132.24,5154.93,2764,27638.78
2017/07/04,5155.73,5164.71,5044.56,5074.51,4015,40154.79
2017/07/05,5068.65,5101.56,5043.04,5098.67,3575,35751.32
2017/07/06,5119.47,5126.06,5098.57,5109.19,2694,26939.94
2017/07/07,5096.77,5106.45,5089.50,5096.31,2418,24182.30
2017/07/10,5111.63,5146.60,5103.17,5131.59,2684,26844.69
2017/07/11,5150.36,5197.19,5148.88,5190.81,2963,29634.69
2017/07/12,5207.37,5225.85,5194.07,5200.53,2619,26188.00
2017/07/13,5248.21,5262.48,5243.85,5262.48,3437,34374.03
2017/07/14,5276.43,5276.76,5258.32,5272.24,2558,25575.92
2017/07/17,5302.02,5314.08,5263.54,5279.07,2895,28951.87
2017/07/18,5287.48,5292.39,5263.37,5292.39,2824,28238.14
2017/07/19,5302.75,5330.07,5298.90,5330.07,3067,30668.48
2017/07/20,5345.88,5363.98,5328.63,5354.70,3293,32930.83
2017/07/21,5367.71,5371.55,5349.30,5355.76,3584,35837.32
2017/07/24,5361.51,5387.40,5352.31,5382.79,2995,29946.30
2017/07/25,5389.87,5392.87,5372.41,5384.84,2727,27274.03
2017/07/26,5409.92,5419.00,5374.47,5393.42,3221,32208.56
2017/07/27,5408.04,5446.43,5402.43,5442.56,3446,34462.76
2017/07/28,5426.95,5429.00,5400.49,5405.44,3080,30801.02
2017/07/31,5414.46,5476.24,5414.37,5476.24,3441,34406.30
2017/08/01,5476.19,5500.39,5475.07,5492.64,3544,35435.64
2017/08/02,5514.79,5529.95,5497.95,5509.87,3671,36712.88
2017/08/03,5486.28,5493.23,5459.54,5468.87,3050,30498.50
2017/08/04,5477.65,5489.63,5469.07,5486.19,2889,28889.63
2017/08/07,5503.51,5513.36,5493.10,5504.83,2686,26860.64
2017/08/08,5508.96,5548.82,5501.86,5548.40,3489,34892.09
2017/08/09,5534.73,5560.19,5511.14,5546.77,3547,35470.66
2017/08/10,5549.90,5551.47,5455.03,5497.11,4807,48069.49
2017/08/11,5411.71,5440.76,5380.77,5384.58,5915,59153.43
2017/08/14,5420.45,5459.20,5414.43,5456.38,3433,34333.56
2017/08/15,5483.50,5488.20,5428.65,5428.67,3137,31371.63
2017/08/16,5436.78,5472.08,5435.94,5470.49,2854,28535.20
2017/08/17,5510.50,5511.86,5455.15,5459.64,3891,38906.34
2017/08/18,5388.79,5433.15,5381.21,5402.61,3089,30894.21
2017/08/21,5416.70,5437.06,5413.32,5426.62,3205,32048.26
2017/08/22,5458.85,5485.79,5457.42,5464.51,3248,32480.28
2017/08/23,5464.22,5464.22,5464.22,5464.22,0,0.00
2017/08/24,5498.79,5506.34,5471.30,5486.94,3991,39907.60
2017/08/25,5495.54,5521.66,5464.57,5514.76,3971,39707.79
2017/08/28,5523.26,5542.62,5500.14,5502.82,3923,39231.88
2017/08/29,5493.47,5508.22,5463.56,5493.36,3417,34166.41
2017/08/30,5529.11,5563.62,5521.92,5558.16,3586,35861.07
2017/08/31,5546.95,5561.34,5537.99,5559.20,3541,35405.02
2017/09/01,5572.98,5583.60,5561.77,5570.63,3785,37852.60
2017/09/04,5560.32,5560.32,5523.62,5535.20,2648,26481.98
2017/09/05,5546.63,5560.06,5525.63,5537.90,2321,23212.80
2017/09/06,5527.66,5529.15,5487.74,5518.14,3003,30034.67
2017/09/07,5551.55,5552.10,5509.31,5511.79,3708,37079.52
2017/09/08,5527.42,5546.46,5525.57,5536.89,3185,31846.87
2017/09/11,5574.98,5602.96,5572.14,5597.81,3186,31861.72
2017/09/12,5624.56,5625.08,5592.66,5610.54,2895,28951.32
2017/09/13,5620.20,5620.20,5584.23,5615.44,3045,30448.44
2017/09/14,5601.57,5627.40,5597.62,5612.77,3007,30065.14
2017/09/15,5606.20,5640.26,5567.09,5624.68,4301,43009.80
2017/09/18,5655.24,5719.27,5651.71,5711.27,3977,39768.23
2017/09/19,5724.01,5732.79,5687.40,5694.69,3689,36888.18
2017/09/20,5707.42,5723.12,5688.56,5720.08,3297,32967.06
2017/09/21,5722.82,5741.45,5709.46,5720.11,3267,32668.69
2017/09/22,5688.17,5692.06,5657.17,5671.45,3138,31376.35
2017/09/25,5667.89,5667.89,5559.64,5567.36,3890,38897.56
2017/09/26,5518.55,5577.97,5511.58,5558.43,3902,39017.52
2017/09/27,5563.33,5608.22,5560.67,5602.34,2929,29292.56
2017/09/28,5614.36,5615.05,5568.94,5568.94,2934,29344.45
2017/09/29,5585.39,5603.43,5560.96,5598.50,2657,26572.40
2017/10/03,5654.70,5691.90,5618.43,5691.90,3423,34227.64
2017/10/04,5716.73,5740.21,5714.23,5730.22,2545,25449.93
2017/10/06,5773.58,5773.58,5738.61,5754.08,3732,37317.97
2017/10/09,5747.12,5750.19,5713.61,5727.11,3218,32184.44
2017/10/10,5727.32,5770.56,5719.80,5767.08,3140,31401.49
2017/10/11,5785.46,5786.46,5716.45,5727.96,3846,38462.26
2017/10/12,5738.10,5749.17,5716.38,5736.64,3159,31591.53
2017/10/13,5730.37,5750.53,5721.43,5748.03,3053,30530.91
2017/10/16,5781.77,5796.50,5773.05,5781.65,3431,34314.50
2017/10/17,5796.83,5796.83,5773.07,5780.12,2689,26888.58
2017/10/18,5766.60,5783.66,5766.60,5783.66,2683,26828.83
2017/10/19,5801.91,5802.69,5674.38,5686.95,3889,38888.43
2017/10/20,5716.87,5752.70,5705.12,5744.61,3095,30951.54
2017/10/23,5763.21,5764.77,5712.77,5727.70,2461,24604.98
2017/10/24,5723.17,5736.81,5687.24,5702.14,2762,27615.85
2017/10/25,5723.39,5747.42,5714.67,5732.91,2376,23763.70
2017/10/26,5705.63,5735.14,5689.60,5711.14,2240,22395.11
2017/10/27,5724.47,5737.64,5691.14,5702.51,2745,27446.29
2017/10/30,5724.15,5731.15,5680.61,5682.40,3068,30680.26
2017/10/31,5678.05,5711.06,5666.07,5690.80,2903,29025.56
2017/11/01,5723.42,5767.79,5717.85,5764.51,3957,39573.22
2017/11/02,5761.70,5772.02,5739.92,5744.96,3440,34398.38
2017/11/03,5767.66,5772.36,5758.65,5765.64,3360,33603.93
2017/11/06,5775.89,5780.26,5679.56,5774.16,3993,39932.86
2017/11/07,5800.53,5857.78,5798.82,5857.65,4244,42437.55
2017/11/08,5853.57,5895.80,5845.68,5853.65,4981,49806.91
2017/11/09,5869.62,5897.92,5863.22,5888.06,3661,36609.58
2017/11/10,5875.50,5905.85,5871.06,5890.71,3628,36284.19
2017/11/13,5897.63,5927.30,5897.63,5915.95,3816,38163.82
2017/11/14,5941.00,5945.85,5903.25,5904.96,3915,39147.89
2017/11/15,5888.90,5903.08,5848.44,5848.44,4001,40008.04
2017/11/16,5833.78,5854.16,5810.77,5840.82,3856,38563.96
2017/11/17,5875.48,5902.05,5843.97,5856.23,4075,40751.06
2017/11/20,5864.41,5878.22,5841.55,5876.85,3804,38039.14
2017/11/21,5899.91,5960.04,5894.69,5960.04,5833,58329.18
2017/11/22,6002.02,6016.04,5973.19,5989.76,5580,55803.42
2017/11/23,5994.71,6007.22,5902.17,5926.70,4742,47423.11
2017/11/24,5935.13,5954.58,5913.56,5939.00,3806,38064.91
2017/11/27,5935.39,5940.31,5886.54,5897.75,3615,36150.02
2017/11/28,5882.45,5905.79,5836.36,5905.79,4574,45740.00
2017/11/29,5932.18,5936.02,5889.13,5908.19,3932,39320.89
2017/11/30,5850.84,5854.03,5802.39,5815.72,7533,75334.50
2017/12/01,5841.46,5852.47,5790.05,5808.91,7050,70496.64
2017/12/04,5792.78,5854.73,5754.74,5822.58,4456,44557.39
2017/12/05,5773.66,5818.14,5756.12,5758.84,4100,41004.34
2017/12/06,5763.17,5776.87,5631.27,5640.48,6644,66435.22
2017/12/07,5674.16,5690.03,5608.79,5659.88,4830,48297.13
2017/12/08,5685.62,5753.50,5677.86,5743.55,4905,49050.08
2017/12/11,5754.61,5812.62,5750.36,5808.20,4261,42608.31
2017/12/12,5812.86,5829.81,5766.26,5779.02,4078,40779.70
2017/12/13,5781.13,5843.99,5753.45,5834.78,3880,38797.66
2017/12/14,5850.87,5856.90,5804.66,5826.41,3592,35915.55
2017/12/15,5791.85,5799.32,5742.30,5759.17,5692,56922.48
2017/12/18,5780.51,5800.07,5755.16,5785.63,3476,34763.64
2017/12/19,5814.65,5837.99,5807.64,5821.65,3309,33088.03
2017/12/20,5814.37,5836.81,5802.99,5817.63,2871,28710.39
2017/12/21,5818.46,5858.47,5808.79,5847.51,2924,29235.36
2017/12/22,5878.45,5896.61,5864.07,5896.61,2700,27003.88
2017/12/27,5902.10,5908.67,5886.91,5905.76,2987,29873.15
2017/12/28,5924.39,5972.75,5922.59,5970.06,2797,27967.89
2017/12/29,5984.16,6000.83,5975.50,5989.97,2989,29885.50
2018/01/02,6007.42,6090.28,6007.42,6090.11,4694,46935.32
2018/01/03,6122.68,6138.63,6088.63,6108.25,4157,41568.73
2018/01/04,6133.10,6134.49,6094.90,6129.06,4365,43652.56
2018/01/05,6155.48,6163.41,6114.08,6155.52,4426,44256.86
2018/01/08,6174.77,6196.97,6160.64,6196.97,4420,44195.72
2018/01/09,6210.92,6222.92,6188.10,6215.92,4894,48943.49
2018/01/10,6217.63,6257.61,6200.39,6226.75,4823,48232.89
2018/01/11,6236.32,6244.81,6193.78,6230.52,4757,47571.05
2018/01/12,6262.98,6278.86,6238.98,6274.20,4254,42536.30
2018/01/15,6336.31,6336.31,6222.02,6227.46,5198,51975.31
2018/01/16,6241.17,6316.46,6241.17,6316.46,4710,47095.76
2018/01/17,6300.71,6320.94,6262.48,6320.94,6183,61827.91
2018/01/18,6342.89,6359.34,6284.63,6309.14,5588,55883.72
2018/01/19,6319.00,6347.76,6287.83,6347.76,4850,48502.67
2018/01/22,6363.82,6402.51,6325.05,6400.45,5213,52128.49
2018/01/23,6454.71,6474.56,6430.82,6474.56,5694,56944.80
2018/01/24,6477.29,6483.23,6431.03,6468.73,4954,49537.66
2018/01/25,6472.03,6476.06,6420.60,6429.17,5572,55724.71
2018/01/26,6457.65,6495.12,6444.97,6488.44,4850,48502.46
2018/01/29,6509.47,6517.92,6423.93,6429.47,5185,51847.54
2018/01/30,6401.38,6446.35,6368.04,6380.21,4996,49960.47
2018/01/31,6349.08,6417.43,6333.54,6409.40,5802,58022.52
2018/02/01,6418.86,6428.25,6363.51,6363.51,4527,45266.61
2018/02/02,6365.48,6385.24,6318.70,6353.61,4671,46705.53
2018/02/05,6200.78,6280.93,6189.94,6258.52,5736,57355.55
2018/02/06,6042.63,6069.01,5948.00,5957.28,10730,107302.78
2018/02/07,6095.18,6118.27,5917.43,5926.36,8556,85564.24
2018/02/08,5965.87,6016.39,5942.56,5974.73,5184,51842.02
2018/02/09,5842.18,5842.25,5727.80,5797.47,9135,91351.15
2018/02/12,5839.16,5860.58,5804.65,5804.65,5085,50846.45
2018/02/13,5867.99,5937.39,5867.99,5891.79,4638,46381.38
2018/02/14,5921.44,6011.97,5908.29,6001.33,4097,40970.20
2018/02/15,6071.41,6097.83,6056.67,6097.26,3027,30273.36
2018/02/20,6122.39,6158.89,6043.40,6087.61,4211,42112.13
2018/02/21,6109.84,6178.26,6078.78,6175.98,3536,35359.85
2018/02/22,6120.47,6140.83,6093.70,6096.84,4121,41207.83
2018/02/23,6149.73,6170.39,6134.56,6154.36,2943,29433.44
2018/02/26,6200.52,6202.20,6152.14,6197.73,4482,44821.38
2018/02/27,6250.23,6252.25,6146.26,6168.18,4802,48020.09
2018/02/28,6135.49,6136.44,6081.01,6112.42,4928,49278.85
2018/03/01,6049.02,6149.80,6045.60,6145.27,4208,42077.32
2018/03/02,6070.83,6076.44,6042.83,6063.66,4537,45370.16
2018/03/05,6055.52,6087.11,5920.96,5924.98,4197,41965.38

