2014/11/12,29041.81,29279.09,29025.42,29189.70,0,0.00
2014/11/13,29078.27,29401.09,29067.68,29305.01,0,0.00
2014/11/14,29296.08,29401.80,29232.87,29383.77,0,0.00
2014/11/17,29648.45,29650.80,28985.52,29003.66,0,0.00
2014/11/18,29095.64,29099.22,28616.98,28667.25,0,0.00
2014/11/19,28557.31,28706.16,28437.75,28473.93,0,0.00
2014/11/20,28481.97,28610.87,28343.67,28460.92,0,0.00
2014/11/21,28466.96,28676.35,28412.37,28580.72,0,0.00
2014/11/24,29139.21,29159.48,29024.91,29119.22,0,0.00
2014/11/25,29034.88,29150.74,28995.70,29030.95,0,0.00
2014/11/26,28999.90,29463.03,28979.63,29380.60,0,0.00
2014/11/27,29453.15,29528.08,29195.90,29250.27,0,0.00
2014/11/28,29132.64,29344.13,29072.46,29155.90,0,0.00
2014/12/01,28803.95,28826.27,28331.96,28380.63,0,0.00
2014/12/02,28384.22,28906.79,28317.58,28707.55,0,0.00
2014/12/03,28797.52,29026.76,28383.26,28441.06,0,0.00
2014/12/04,28546.55,28952.14,28480.56,28936.06,0,0.00
2014/12/05,29063.93,29395.02,28897.96,29224.75,0,0.00
2014/12/08,29301.51,29490.44,29227.54,29275.67,0,0.00
2014/12/09,29009.97,29106.74,28436.61,28548.72,0,0.00
2014/12/10,28505.96,28776.91,28379.26,28613.18,0,0.00
2014/12/11,28218.92,28429.62,28177.96,28355.53,0,0.00
2014/12/12,28411.04,28515.02,28233.06,28252.93,0,0.00
2014/12/15,27913.60,28042.46,27794.24,27991.90,0,0.00
2014/12/16,27837.05,27857.94,27520.75,27541.35,0,0.00
2014/12/17,27530.35,27627.63,27368.55,27414.52,0,0.00
2014/12/18,27820.00,27913.23,27657.36,27772.44,0,0.00
2014/12/19,28210.48,28252.00,28070.33,28157.89,0,0.00
2014/12/22,28400.60,28587.77,28365.95,28494.60,0,0.00
2014/12/23,28521.16,28641.04,28342.03,28438.13,0,0.00
2014/12/24,28438.13,28535.90,28415.77,28453.49,0,0.00
2014/12/29,28992.07,29103.11,28919.76,28986.39,0,0.00
2014/12/30,29039.39,29039.39,28521.95,28600.44,0,0.00
2014/12/31,28600.44,28732.62,28539.16,28689.98,0,0.00
2015/01/02,28764.68,29003.68,28740.87,28988.56,0,0.00
2015/01/05,28776.34,29151.50,28752.30,28813.11,0,0.00
2015/01/06,28503.27,28688.74,28310.96,28523.99,0,0.00
2015/01/07,28400.74,28826.62,28323.29,28786.87,0,0.00
2015/01/08,29094.32,29119.97,28831.75,28991.24,0,0.00
2015/01/09,29224.81,29395.98,28996.90,29072.37,0,0.00
2015/01/12,29274.59,29350.08,29091.20,29234.59,0,0.00
2015/01/13,29082.63,29515.84,29082.63,29476.47,0,0.00
2015/01/14,29523.47,29575.71,29241.20,29314.16,0,0.00
2015/01/15,29355.76,29626.54,29256.81,29605.89,0,0.00
2015/01/16,29374.01,29472.34,29276.91,29288.19,0,0.00
2015/01/19,28975.94,29219.76,28683.56,28861.21,0,0.00
2015/01/20,28983.56,29175.43,28865.78,29117.18,0,0.00
2015/01/21,29244.29,29615.19,29204.04,29596.56,0,0.00
2015/01/22,29808.87,29938.23,29734.00,29841.16,0,0.00
2015/01/23,30192.67,30300.89,30069.83,30217.15,0,0.00
2015/01/26,30218.83,30330.48,30119.83,30316.18,0,0.00
2015/01/27,30379.92,30382.21,30019.98,30190.16,0,0.00
2015/01/28,30152.38,30403.53,30077.64,30245.60,0,0.00
2015/01/29,29974.02,30086.62,29833.98,29915.22,0,0.00
2015/01/30,30067.43,30105.96,29708.70,29781.74,0,0.00
2015/02/02,29589.22,29795.19,29559.16,29769.70,0,0.00
2015/02/03,29852.80,29927.86,29581.69,29862.29,0,0.00
2015/02/04,30122.63,30187.22,29949.12,29985.86,0,0.00
2015/02/05,30357.32,30384.60,29931.47,30076.34,0,0.00
2015/02/06,30067.66,30123.02,29958.99,30003.34,0,0.00
2015/02/09,29803.33,29982.90,29712.91,29828.42,0,0.00
2015/02/10,29732.24,29887.33,29698.00,29816.20,0,0.00
2015/02/11,29762.28,29834.20,29514.66,29571.30,0,0.00
2015/02/12,29601.41,29811.26,29456.22,29688.74,0,0.00
2015/02/13,29823.18,30029.83,29811.01,29993.49,0,0.00
2015/02/16,30043.96,30116.01,30012.24,30047.63,0,0.00
2015/02/17,30059.71,30220.87,30024.07,30147.70,0,0.00
2015/02/18,30147.70,30252.49,30147.70,30209.27,0,0.00
2015/02/23,30205.26,30232.52,30011.34,30211.37,0,0.00
2015/02/24,30096.27,30182.32,30015.55,30118.43,0,0.00
2015/02/25,30135.94,30224.06,30020.40,30130.56,0,0.00
2015/02/26,30094.31,30379.73,30045.30,30289.69,0,0.00
2015/02/27,30269.69,30533.03,30196.07,30206.52,0,0.00
2015/03/02,30393.31,30401.94,30092.92,30308.47,0,0.00
2015/03/03,30383.22,30384.18,30063.51,30101.54,0,0.00
2015/03/04,30021.26,30094.51,29793.13,29825.99,0,0.00
2015/03/05,29608.64,29730.58,29406.88,29472.52,0,0.00
2015/03/06,29512.91,29596.87,29406.86,29460.20,0,0.00
2015/03/09,29262.27,29531.29,29139.99,29422.34,0,0.00
2015/03/10,29424.59,29432.08,29111.29,29142.88,0,0.00
2015/03/11,29089.02,29158.48,28899.62,28899.62,0,0.00
2015/03/12,28908.68,29114.99,28859.75,29031.23,0,0.00
2015/03/13,29056.43,29201.81,29047.79,29072.58,0,0.00
2015/03/16,29023.59,29271.24,28940.45,29254.40,0,0.00
2015/03/17,29413.91,29417.12,29079.16,29177.62,0,0.00
2015/03/18,29258.76,29570.92,29257.12,29453.40,0,0.00
2015/03/19,29663.01,29936.89,29636.63,29906.42,0,0.00
2015/03/20,29907.93,30014.34,29779.19,29811.79,0,0.00
2015/03/23,29977.76,30043.76,29907.24,29981.68,0,0.00
2015/03/24,29949.24,29949.24,29720.48,29825.85,0,0.00
2015/03/25,29830.34,30067.24,29786.72,29963.38,0,0.00
2015/03/26,29820.41,30043.56,29803.83,29924.74,0,0.00
2015/03/27,29996.45,29996.45,29821.49,29889.09,0,0.00
2015/03/30,30243.62,30447.20,30205.63,30334.86,0,0.00
2015/03/31,30602.44,30602.44,30346.52,30376.17,0,0.00
2015/04/01,30418.56,30577.83,30400.66,30554.91,0,0.00
2015/04/02,30714.33,30818.84,30631.23,30782.09,0,0.00
2015/04/08,31246.31,31953.03,31205.33,31938.85,0,0.00
2015/04/09,32751.93,33862.84,32561.55,32777.67,0,0.00
2015/04/10,33200.70,33275.45,32638.92,33204.68,0,0.00
2015/04/13,33282.29,34206.92,33266.34,34185.79,0,0.00
2015/04/14,33665.18,34067.10,33519.11,33613.40,0,0.00
2015/04/15,33605.20,33892.64,33467.49,33669.02,0,0.00
2015/04/16,33558.71,33930.36,33504.43,33858.85,0,0.00
2015/04/17,33999.28,34157.73,33680.43,33761.96,0,0.00
2015/04/20,33774.71,33808.03,32933.91,33092.97,0,0.00
2015/04/21,33443.30,34089.16,33443.30,34001.91,0,0.00
2015/04/22,33962.77,34189.76,33803.18,34028.10,0,0.00
2015/04/23,34263.85,34362.05,33871.10,33900.96,0,0.00
2015/04/24,34058.30,34231.63,33615.91,34211.85,0,0.00
2015/04/27,34519.68,34908.42,34519.68,34685.39,0,0.00
2015/04/28,34703.85,34774.10,34424.32,34650.24,0,0.00
2015/04/29,34603.95,34638.20,34344.75,34578.88,0,0.00
2015/04/30,34438.40,34510.60,34112.38,34250.36,0,0.00
2015/05/04,34356.00,34449.10,34060.85,34170.70,0,0.00
2015/05/05,34357.57,34416.31,33576.20,33767.54,0,0.00
2015/05/06,33723.19,34169.54,33567.91,33661.98,0,0.00
2015/05/07,33519.98,33658.45,33178.00,33288.96,0,0.00
2015/05/08,33626.83,33711.67,33352.58,33603.56,0,0.00
2015/05/11,33852.58,33884.19,33591.77,33727.32,0,0.00
2015/05/12,33676.15,33726.99,33365.19,33370.80,0,0.00
2015/05/13,33458.24,33560.61,33137.41,33221.25,0,0.00
2015/05/14,33412.00,33412.00,33141.10,33262.74,0,0.00
2015/05/15,33515.18,34088.10,33321.85,33953.02,0,0.00
2015/05/18,33822.45,33833.73,33494.55,33688.73,0,0.00
2015/05/19,33613.38,33895.51,33565.64,33795.98,0,0.00
2015/05/20,33768.99,33813.50,33549.00,33664.82,0,0.00
2015/05/21,33498.81,33712.56,33436.85,33604.96,0,0.00
2015/05/22,33837.95,34261.99,33837.95,34204.11,0,0.00
2015/05/26,34851.87,34900.16,34531.75,34534.39,0,0.00
2015/05/27,34391.27,34403.52,34128.96,34313.23,0,0.00
2015/05/28,34213.80,34240.72,33332.50,33590.16,0,0.00
2015/05/29,33569.34,33807.84,33364.59,33602.26,0,0.00
2015/06/01,33470.27,33986.13,33356.75,33770.31,0,0.00
2015/06/02,33555.83,33752.14,33477.04,33620.95,0,0.00
2015/06/03,33664.54,34052.99,33639.42,33919.87,0,0.00
2015/06/04,33881.92,34110.45,33198.21,33744.68,0,0.00
2015/06/05,33759.34,33854.76,33289.18,33357.68,0,0.00
2015/06/08,33269.53,33570.83,33137.69,33413.22,0,0.00
2015/06/09,33350.48,33401.47,32996.23,33011.42,0,0.00
2015/06/10,32997.61,33143.52,32509.70,32654.25,0,0.00
2015/06/11,32974.64,33041.31,32853.54,32925.97,0,0.00
2015/06/12,33153.46,33431.98,32996.50,33366.17,0,0.00
2015/06/15,33159.09,33174.47,32840.38,32864.95,0,0.00
2015/06/16,32812.12,32926.88,32484.35,32505.59,0,0.00
2015/06/17,32646.12,32880.77,32481.62,32700.49,0,0.00
2015/06/18,32689.53,32845.92,32518.09,32626.46,0,0.00
2015/06/19,32815.98,33033.65,32675.21,32764.03,0,0.00
2015/06/22,32886.01,33257.33,32790.18,33152.13,0,0.00
2015/06/23,33178.13,33529.21,33037.27,33438.23,0,0.00
2015/06/24,33512.16,33606.91,33393.34,33539.37,0,0.00
2015/06/25,33480.55,33536.03,33258.15,33283.93,0,0.00
2015/06/26,32948.92,32967.71,32523.89,32700.71,0,0.00
2015/06/29,32533.97,32571.93,31407.89,31804.23,0,0.00
2015/06/30,31858.58,32405.66,31690.79,32097.85,0,0.00
2015/07/02,32281.69,32299.37,31930.77,32129.11,0,0.00
2015/07/03,32174.19,32272.53,31773.86,31922.68,0,0.00
2015/07/06,32086.45,32114.87,30372.64,30923.61,0,0.00
2015/07/07,31103.22,31182.36,30419.99,30642.98,0,0.00
2015/07/08,29733.39,29733.39,28053.80,28851.92,0,0.00
2015/07/09,28934.04,30309.01,28684.00,29950.85,0,0.00
2015/07/10,30314.73,30700.12,30304.78,30554.63,0,0.00
2015/07/13,30369.37,31022.36,30159.51,30935.76,0,0.00
2015/07/14,30898.15,30917.85,30555.72,30805.51,0,0.00
2015/07/15,30817.90,30929.54,30532.70,30778.32,0,0.00
2015/07/16,30655.69,30899.30,30507.07,30898.89,0,0.00
2015/07/17,31001.87,31312.84,30922.54,31189.21,0,0.00
2015/07/20,31289.30,31341.12,31067.39,31205.15,0,0.00
2015/07/21,31187.06,31484.48,31133.49,31348.71,0,0.00
2015/07/22,31168.46,31168.46,30902.68,31029.39,0,0.00
2015/07/23,31057.31,31299.43,30985.49,31180.19,0,0.00
2015/07/24,31018.25,31034.68,30778.25,30824.44,0,0.00
2015/07/27,30507.26,30507.26,29829.83,29900.55,0,0.00
2015/07/28,29785.72,30651.63,29625.48,30130.82,0,0.00
2015/07/29,30270.00,30392.00,30071.39,30300.20,0,0.00
2015/07/30,30494.30,30585.56,30117.11,30133.91,0,0.00
2015/07/31,30305.61,30346.41,30101.18,30320.72,0,0.00
2015/08/03,30080.08,30182.88,29851.44,30075.08,0,0.00
2015/08/04,30070.40,30212.68,29840.85,30052.72,0,0.00
2015/08/05,30115.67,30282.88,30077.83,30222.88,0,0.00
2015/08/06,30130.84,30138.10,29997.04,30068.11,0,0.00
2015/08/07,30109.63,30400.88,30109.63,30296.99,0,0.00
2015/08/10,30046.83,30353.12,29778.21,30246.61,0,0.00
2015/08/11,30584.76,30736.41,30094.29,30181.90,0,0.00
2015/08/12,29794.68,29977.72,29367.91,29467.02,0,0.00
2015/08/13,29525.78,29764.38,29420.36,29651.43,0,0.00
2015/08/14,29718.94,29770.69,29565.34,29609.54,0,0.00
2015/08/17,29515.55,29532.84,29241.59,29384.93,0,0.00
2015/08/18,29554.34,29637.52,28953.15,28967.74,0,0.00
2015/08/19,28959.29,29084.64,28533.34,28560.56,0,0.00
2015/08/20,28351.58,28351.58,27855.66,28037.86,0,0.00
2015/08/21,27471.64,27685.08,27306.38,27570.62,0,0.00
2015/08/24,26575.13,26644.34,25974.28,26101.09,0,0.00
2015/08/25,25834.77,26916.45,25657.75,26351.18,0,0.00
2015/08/26,26352.51,26690.98,25946.38,25966.63,0,0.00
2015/08/27,26727.49,26984.55,26310.57,26835.72,0,0.00
2015/08/28,27412.71,27421.58,26536.85,26557.41,0,0.00
2015/08/31,26739.26,26777.52,26339.37,26679.25,0,0.00
2015/09/01,26610.32,26655.40,26085.09,26099.38,0,0.00
2015/09/02,25902.91,26217.37,25623.52,25800.03,0,0.00
2015/09/04,25987.13,26067.55,25524.02,25673.56,0,0.00
2015/09/07,25522.72,25902.30,25344.99,25347.53,0,0.00
2015/09/08,25423.52,26371.68,25261.65,26150.06,0,0.00
2015/09/09,26618.69,27348.80,26512.04,27233.82,0,0.00
2015/09/10,26628.06,26790.61,26459.85,26543.25,0,0.00
2015/09/11,26698.30,26940.65,26395.05,26419.71,0,0.00
2015/09/14,26640.14,26741.04,26353.06,26512.63,0,0.00
2015/09/15,26396.85,26590.21,26345.25,26390.05,0,0.00
2015/09/16,26745.16,27226.56,26613.78,27061.10,0,0.00
2015/09/17,27275.25,27348.97,26761.02,26932.02,0,0.00
2015/09/18,26990.16,27202.34,26935.62,27027.09,0,0.00
2015/09/21,26638.50,26825.33,26592.79,26796.13,0,0.00
2015/09/22,26833.83,27202.49,26763.98,26789.00,0,0.00
2015/09/23,26439.63,26509.19,25853.68,26224.96,0,0.00
2015/09/24,26197.11,26286.36,25920.85,25952.63,0,0.00
2015/09/25,25914.92,26194.37,25770.77,26035.93,0,0.00
2015/09/29,25223.01,25281.55,25046.12,25245.78,0,0.00
2015/09/30,25589.18,25698.50,25410.34,25563.43,0,0.00
2015/10/02,25965.37,26414.86,25910.69,26387.50,0,0.00
2015/10/05,26920.33,26964.28,26697.01,26835.44,0,0.00
2015/10/06,27167.59,27179.02,26713.27,26850.23,0,0.00
2015/10/07,26920.72,27713.88,26851.77,27701.29,0,0.00
2015/10/08,27731.03,27731.03,27346.95,27546.31,0,0.00
2015/10/09,27946.88,28115.52,27669.78,27684.33,0,0.00
2015/10/12,27843.48,28030.98,27789.05,27971.55,0,0.00
2015/10/13,27815.81,28004.40,27658.79,27746.09,0,0.00
2015/10/14,27549.34,27698.99,27421.40,27544.05,0,0.00
2015/10/15,27782.39,28179.92,27705.29,28108.90,0,0.00
2015/10/16,28428.22,28505.97,28220.33,28370.61,0,0.00
2015/10/19,28375.39,28411.71,28189.06,28377.98,0,0.00
2015/10/20,28282.21,28345.45,28084.84,28282.83,0,0.00
2015/10/22,27937.22,28077.30,27915.53,28053.78,0,0.00
2015/10/23,28465.96,28488.92,28340.92,28425.91,0,0.00
2015/10/26,28725.59,28725.59,28328.96,28380.86,0,0.00
2015/10/27,28317.11,28424.27,28121.54,28424.27,0,0.00
2015/10/28,28298.03,28385.81,28178.10,28220.95,0,0.00
2015/10/29,28328.47,28339.99,28058.12,28065.41,0,0.00
2015/10/30,27953.58,28066.49,27777.88,27808.14,0,0.00
2015/11/02,27600.12,27776.21,27443.39,27486.28,0,0.00
2015/11/03,27783.65,27903.09,27732.73,27732.74,0,0.00
2015/11/04,28000.28,28681.02,27942.84,28331.61,0,0.00
2015/11/05,28300.48,28528.66,28243.19,28354.53,0,0.00
2015/11/06,28109.74,28196.92,28021.59,28141.34,0,0.00
2015/11/09,28019.26,28328.00,27967.59,28004.66,0,0.00
2015/11/10,27728.34,27827.70,27586.31,27672.51,0,0.00
2015/11/11,27678.24,27752.55,27576.72,27606.48,0,0.00
2015/11/12,27754.58,28353.51,27754.58,28246.91,0,0.00
2015/11/13,27716.57,27779.19,27511.49,27596.27,0,0.00
2015/11/16,27104.25,27271.90,27083.49,27110.16,0,0.00
2015/11/17,27482.04,27697.15,27381.38,27389.93,0,0.00
2015/11/18,27476.52,27476.52,27273.00,27301.78,0,0.00
2015/11/19,27632.32,27750.02,27578.18,27696.50,0,0.00
2015/11/20,27680.23,28053.39,27596.10,28012.19,0,0.00
2015/11/23,27966.57,28072.94,27843.52,27901.18,0,0.00
2015/11/24,27800.22,27871.11,27637.59,27813.48,0,0.00
2015/11/25,27687.41,27838.95,27623.77,27699.22,0,0.00
2015/11/26,28015.59,28035.76,27667.89,27703.50,0,0.00
2015/11/27,27763.31,27763.31,27196.46,27218.30,0,0.00
2015/11/30,27111.84,27356.98,27011.24,27112.91,0,0.00
2015/12/01,27403.18,27687.27,27304.56,27547.23,0,0.00
2015/12/02,27651.52,27763.83,27523.84,27677.55,0,0.00
2015/12/03,27495.63,27701.71,27495.63,27612.31,0,0.00
2015/12/04,27280.51,27352.92,27208.55,27346.31,0,0.00
2015/12/07,27486.45,27490.81,27299.86,27308.39,0,0.00
2015/12/08,27055.95,27077.15,26785.22,26948.26,0,0.00
2015/12/09,26811.56,26896.90,26761.59,26821.78,0,0.00
2015/12/10,26784.96,26945.84,26698.44,26743.05,0,0.00
2015/12/11,26739.96,26752.02,26416.21,26441.45,0,0.00
2015/12/14,25942.36,26336.22,25887.70,26249.93,0,0.00
2015/12/15,26163.78,26409.29,26154.77,26201.94,0,0.00
2015/12/16,26574.35,26842.28,26574.35,26758.22,0,0.00
2015/12/17,26953.89,27164.73,26863.30,27010.85,0,0.00
2015/12/18,26710.38,27127.91,26702.93,26884.00,0,0.00
2015/12/21,26754.69,27010.36,26753.71,26906.12,0,0.00
2015/12/22,26961.78,26988.45,26853.93,26951.34,0,0.00
2015/12/23,26988.58,27273.81,26979.26,27203.54,0,0.00
2015/12/24,27203.54,27437.22,27203.54,27343.50,0,0.00
2015/12/28,27308.31,27308.31,27019.63,27055.20,0,0.00
2015/12/29,27037.55,27149.35,26992.18,27120.74,0,0.00
2015/12/30,27239.50,27268.31,26970.72,26986.26,0,0.00
2015/12/31,26986.26,27090.95,26954.53,27007.12,0,0.00
2016/01/04,26792.82,26792.82,26196.87,26311.92,0,0.00
2016/01/05,26243.25,26448.64,26013.46,26133.18,0,0.00
2016/01/06,26071.97,26127.65,25826.84,25874.28,0,0.00
2016/01/07,25624.05,25635.09,25068.48,25072.09,0,0.00
2016/01/08,25321.76,25416.90,25079.57,25252.83,0,0.00
2016/01/11,24665.42,24817.14,24549.26,24585.56,0,0.00
2016/01/12,24719.99,24875.55,24368.41,24381.68,0,0.00
2016/01/13,24737.16,25027.45,24562.20,24656.13,0,0.00
2016/01/14,24214.34,24599.43,24134.72,24497.68,0,0.00
2016/01/15,24498.52,24498.52,24155.16,24172.11,0,0.00
2016/01/18,23805.18,24032.04,23744.71,23787.39,0,0.00
2016/01/19,23859.57,24271.39,23734.09,24250.84,0,0.00
2016/01/20,23817.58,23822.89,23275.36,23340.64,0,0.00
2016/01/21,23544.93,23729.71,22930.61,22940.35,0,0.00
2016/01/22,23501.05,23680.76,23210.53,23594.78,0,0.00
2016/01/25,23944.27,24122.18,23872.62,23965.07,0,0.00
2016/01/26,23597.76,23634.22,23298.05,23354.32,0,0.00
2016/01/27,23762.47,23810.73,23455.97,23600.44,0,0.00
2016/01/28,23634.78,23858.86,23510.77,23795.87,0,0.00
2016/01/29,23762.39,24437.00,23747.71,24404.55,0,0.00
2016/02/01,24499.90,24499.90,24120.92,24311.13,0,0.00
2016/02/02,24128.57,24330.04,24054.56,24081.09,0,0.00
2016/02/03,23293.46,23567.50,23188.05,23510.45,0,0.00
2016/02/04,23764.62,23898.87,23683.79,23707.44,0,0.00
2016/02/05,23826.57,23965.30,23758.88,23833.68,0,0.00
2016/02/11,22756.50,22969.35,22729.48,22862.10,0,0.00
2016/02/12,22512.39,22735.25,22496.93,22539.49,0,0.00
2016/02/15,23021.41,23344.70,23015.49,23326.55,0,0.00
2016/02/16,23428.86,23737.36,23401.60,23565.69,0,0.00
2016/02/17,23683.58,23774.26,23294.37,23304.76,0,0.00
2016/02/18,23924.71,23954.16,23744.61,23876.38,0,0.00
2016/02/19,23735.87,23826.56,23660.94,23736.55,0,0.00
2016/02/22,23883.28,24013.05,23822.39,23916.27,0,0.00
2016/02/23,23969.75,23984.21,23758.95,23883.73,0,0.00
2016/02/24,23676.16,23793.35,23431.99,23601.09,0,0.00
2016/02/25,23601.90,23601.90,23204.93,23239.18,0,0.00
2016/02/26,23659.05,23913.67,23540.84,23838.50,0,0.00
2016/02/29,23854.63,23866.83,23459.01,23539.73,0,0.00
2016/03/01,23662.50,23903.61,23506.62,23890.64,0,0.00
2016/03/02,24379.74,24662.95,24330.97,24589.99,0,0.00
2016/03/03,24610.97,24649.14,24321.15,24508.53,0,0.00
2016/03/04,24628.20,24805.54,24531.42,24772.78,0,0.00
2016/03/07,24919.11,24951.06,24625.24,24715.94,0,0.00
2016/03/08,24674.42,24674.42,24411.25,24553.38,0,0.00
2016/03/09,24399.99,24556.07,24335.31,24542.56,0,0.00
2016/03/10,24621.41,24755.11,24476.57,24554.26,0,0.00
2016/03/11,24407.01,24888.70,24389.34,24837.00,0,0.00
2016/03/14,25015.48,25205.70,24976.11,25124.41,0,0.00
2016/03/15,24946.71,25031.70,24873.30,24925.58,0,0.00
2016/03/16,25025.92,25029.92,24784.67,24886.86,0,0.00
2016/03/17,25280.86,25324.05,25085.75,25173.17,0,0.00
2016/03/18,25343.21,25428.29,25235.81,25422.96,0,0.00
2016/03/21,25478.85,25563.48,25379.37,25455.51,0,0.00
2016/03/22,25510.66,25540.32,25345.79,25464.90,0,0.00
2016/03/23,25400.65,25487.58,25293.58,25421.95,0,0.00
2016/03/24,25190.11,25271.65,24983.14,25083.93,0,0.00
2016/03/29,25109.66,25113.56,24967.90,25102.09,0,0.00
2016/03/30,25323.57,25638.70,25322.14,25603.52,0,0.00
2016/03/31,25629.19,25668.31,25441.84,25534.34,0,0.00
2016/04/01,25540.02,25541.42,25188.11,25225.45,0,0.00
2016/04/05,24893.26,24940.83,24725.18,24799.92,0,0.00
2016/04/06,24734.43,24879.24,24721.43,24834.23,0,0.00
2016/04/07,24980.12,25027.66,24793.55,24928.46,0,0.00
2016/04/08,24678.34,25031.02,24649.06,25031.02,0,0.00
2016/04/11,24915.96,25233.74,24865.84,25098.15,0,0.00
2016/04/12,25095.96,25212.48,25046.28,25151.84,0,0.00
2016/04/13,25437.08,25991.18,25437.08,25976.77,0,0.00
2016/04/14,26326.97,26429.25,26123.62,26217.14,0,0.00
2016/04/15,26247.54,26313.72,26087.39,26202.91,0,0.00
2016/04/18,25954.04,26028.23,25811.19,26018.99,0,0.00
2016/04/19,26289.64,26398.84,26148.71,26378.55,0,0.00
2016/04/20,26387.67,26387.67,25965.89,26122.41,0,0.00
2016/04/21,26309.05,26655.12,26255.19,26646.35,0,0.00
2016/04/22,26359.80,26498.91,26324.47,26476.64,0,0.00
2016/04/25,26409.18,26423.07,26189.27,26245.99,0,0.00
2016/04/26,26266.12,26408.10,25972.22,26390.36,0,0.00
2016/04/27,26383.24,26445.82,26241.77,26363.29,0,0.00
2016/04/28,26541.70,26708.59,26233.11,26379.11,0,0.00
2016/04/29,26161.43,26161.43,25965.68,26003.28,0,0.00
2016/05/03,25960.72,25960.72,25513.28,25516.44,0,0.00
2016/05/04,25323.53,25372.26,25158.14,25290.72,0,0.00
2016/05/05,25079.12,25319.97,25054.82,25203.12,0,0.00
2016/05/06,25107.68,25112.07,24753.10,24815.17,0,0.00
2016/05/09,25036.11,25049.76,24824.49,24861.42,0,0.00
2016/05/10,24689.06,25063.15,24689.06,24995.34,0,0.00
2016/05/11,25091.75,25091.75,24726.26,24775.21,0,0.00
2016/05/12,24783.84,24783.84,24519.77,24581.02,0,0.00
2016/05/13,24482.64,24527.31,24177.10,24332.87,0,0.00
2016/05/16,24351.05,24721.98,24351.05,24563.46,0,0.00
2016/05/17,24700.19,24935.23,24581.68,24897.97,0,0.00
2016/05/18,24565.11,24663.57,24441.93,24523.86,0,0.00
2016/05/19,24354.06,24477.09,24287.75,24372.69,0,0.00
2016/05/20,24292.99,24669.81,24280.13,24533.93,0,0.00
2016/05/23,24501.61,24680.52,24438.00,24495.03,0,0.00
2016/05/24,24490.03,24614.87,24423.94,24560.52,0,0.00
2016/05/25,25037.25,25274.75,25008.16,25266.60,0,0.00
2016/05/26,25273.08,25326.46,25134.94,25323.13,0,0.00
2016/05/27,25330.09,25671.71,25223.80,25620.03,0,0.00
2016/05/30,25540.67,25852.73,25486.45,25660.40,0,0.00
2016/05/31,25689.83,26093.75,25669.84,25904.69,0,0.00
2016/06/01,25817.16,25988.52,25740.53,25794.15,0,0.00
2016/06/02,25750.26,25948.12,25669.85,25925.50,0,0.00
2016/06/03,26093.56,26157.00,25953.40,26003.27,0,0.00
2016/06/06,25991.26,26116.56,25854.50,26107.81,0,0.00
2016/06/07,26304.90,26506.84,26252.00,26478.58,0,0.00
2016/06/08,26417.21,26472.83,26288.69,26405.03,0,0.00
2016/06/10,26350.17,26363.12,26044.42,26072.39,0,0.00
2016/06/13,25542.99,25551.45,25299.26,25394.73,0,0.00
2016/06/14,25303.83,25408.90,25203.03,25242.30,0,0.00
2016/06/15,24974.27,25475.96,24956.90,25375.14,0,0.00
2016/06/16,25210.47,25215.14,24819.39,24894.06,0,0.00
2016/06/17,25167.66,25203.58,24953.90,25052.84,0,0.00
2016/06/20,25424.27,25582.60,25232.54,25523.91,0,0.00
2016/06/21,25564.95,25746.62,25538.52,25741.18,0,0.00
2016/06/22,25608.89,25944.43,25543.95,25891.14,0,0.00
2016/06/23,25945.26,26030.38,25830.21,26001.26,0,0.00
2016/06/24,25761.02,26198.40,24403.96,25185.48,0,0.00
2016/06/27,24861.22,25223.47,24800.62,25081.67,0,0.00
2016/06/28,24695.00,25036.51,24672.47,25016.60,0,0.00
2016/06/29,25086.25,25314.54,25086.25,25296.70,0,0.00
2016/06/30,25617.73,25763.90,25518.06,25732.40,0,0.00
2016/07/04,25914.34,26174.45,25804.56,26045.86,0,0.00
2016/07/05,25871.68,25901.70,25642.65,25665.61,0,0.00
2016/07/06,25270.67,25446.85,25107.71,25358.58,0,0.00
2016/07/07,25468.52,25636.08,25440.45,25609.08,0,0.00
2016/07/08,25508.16,25542.01,25341.33,25455.96,0,0.00
2016/07/11,25884.24,25969.62,25806.37,25851.30,0,0.00
2016/07/12,26054.18,26290.29,25936.72,26258.81,0,0.00
2016/07/13,26385.55,26525.94,26343.38,26403.49,0,0.00
2016/07/14,26345.08,26744.15,26300.12,26715.54,0,0.00
2016/07/15,26763.99,26940.53,26659.97,26837.22,0,0.00
2016/07/18,26832.88,27026.29,26771.16,27004.32,0,0.00
2016/07/19,26941.73,26951.99,26778.01,26840.05,0,0.00
2016/07/20,26802.60,27118.31,26798.57,27098.22,0,0.00
2016/07/21,27177.18,27366.80,27142.83,27218.00,0,0.00
2016/07/22,27053.26,27199.86,27024.12,27191.31,0,0.00
2016/07/25,27239.88,27264.36,27094.71,27244.28,0,0.00
2016/07/26,27145.38,27617.03,27145.38,27380.06,0,0.00
2016/07/27,27505.28,27571.38,27251.19,27508.50,0,0.00
2016/07/28,27361.49,27489.38,27273.11,27415.03,0,0.00
2016/07/29,27301.07,27381.05,27000.49,27056.74,0,0.00
2016/08/01,27277.41,27494.23,27246.66,27329.30,0,0.00
2016/08/02,27329.30,27329.30,27329.30,27329.30,0,0.00
2016/08/03,26893.58,27029.86,26844.99,26916.45,0,0.00
2016/08/04,27077.16,27189.91,27021.90,27090.70,0,0.00
2016/08/05,27271.88,27535.45,27265.29,27464.41,0,0.00
2016/08/08,27644.14,27905.72,27616.56,27882.69,0,0.00
2016/08/09,27823.74,27883.14,27771.63,27853.57,0,0.00
2016/08/10,27869.41,28061.73,27811.94,27922.63,0,0.00
2016/08/11,27818.68,28181.64,27730.67,28039.13,0,0.00
2016/08/12,28299.65,28347.31,28202.60,28237.27,0,0.00
2016/08/15,28297.17,28519.31,28274.66,28450.89,0,0.00
2016/08/16,28593.27,28671.29,28363.31,28440.33,0,0.00
2016/08/17,28520.34,28610.23,28294.39,28318.92,0,0.00
2016/08/18,28698.69,28880.84,28603.83,28669.36,0,0.00
2016/08/19,28810.54,28831.23,28496.10,28555.00,0,0.00
2016/08/22,28510.82,28685.93,28423.87,28685.93,0,0.00
2016/08/23,28602.76,28682.72,28508.46,28682.72,0,0.00
2016/08/24,28701.79,28716.79,28323.20,28467.83,0,0.00
2016/08/25,28450.15,28583.62,28395.47,28461.62,0,0.00
2016/08/26,28564.57,28694.72,28544.90,28587.51,0,0.00
2016/08/29,28591.65,28591.65,28401.53,28485.49,0,0.00
2016/08/30,28698.69,28817.75,28594.41,28754.25,0,0.00
2016/08/31,28753.81,28841.70,28697.77,28727.37,0,0.00
2016/09/01,28588.53,29020.05,28566.53,28976.71,0,0.00
2016/09/02,28979.01,29175.05,28970.25,29080.80,0,0.00
2016/09/05,29503.65,29664.49,29425.37,29593.87,0,0.00
2016/09/06,29590.49,29787.83,29468.40,29779.49,0,0.00
2016/09/07,29759.38,29855.02,29653.80,29704.49,0,0.00
2016/09/08,29646.57,29931.08,29604.77,29920.31,0,0.00
2016/09/09,29918.34,30478.56,29918.34,30145.88,0,0.00
2016/09/12,29431.03,29586.03,29156.69,29156.69,0,0.00
2016/09/13,29530.60,29622.89,29074.01,29092.18,0,0.00
2016/09/14,28994.24,29274.49,28994.24,29048.12,0,0.00
2016/09/15,29136.61,29448.91,29092.02,29266.71,0,0.00
2016/09/19,29402.02,29610.95,29302.22,29507.06,0,0.00
2016/09/20,29451.06,29517.72,29316.23,29480.36,0,0.00
2016/09/21,29459.55,29752.35,29368.65,29673.23,0,0.00
2016/09/22,29971.26,30162.03,29698.52,29779.69,0,0.00
2016/09/23,29787.46,29866.76,29633.63,29697.35,0,0.00
2016/09/26,29519.92,29575.03,29203.57,29244.72,0,0.00
2016/09/27,29302.39,29672.15,29228.87,29569.21,0,0.00
2016/09/28,29487.44,29637.63,29350.19,29637.63,0,0.00
2016/09/29,29818.24,29843.86,29627.72,29801.42,0,0.00
2016/09/30,29385.21,29503.95,29206.65,29251.49,0,0.00
2016/10/03,29709.92,29778.32,29535.37,29644.92,0,0.00
2016/10/04,29714.92,29790.32,29571.92,29790.32,0,0.00
2016/10/05,29647.22,29989.41,29645.59,29927.45,0,0.00
2016/10/06,30025.32,30208.67,30000.05,30155.18,0,0.00
2016/10/07,30094.43,30097.84,29922.47,30031.11,0,0.00
2016/10/11,30246.58,30304.38,29564.71,29700.98,0,0.00
2016/10/12,29467.87,29567.51,29339.80,29520.60,0,0.00
2016/10/13,29343.87,29424.35,28990.30,29017.91,0,0.00
2016/10/14,29115.71,29377.38,29091.49,29272.21,0,0.00
2016/10/17,29169.92,29184.47,28956.42,29031.24,0,0.00
2016/10/18,29209.24,29480.50,29198.44,29476.08,0,0.00
2016/10/19,29506.94,29535.35,29284.34,29368.59,0,0.00
2016/10/20,29454.58,29606.46,29446.59,29463.47,0,0.00
2016/10/21,29463.47,29463.47,29463.47,29463.47,0,0.00
2016/10/24,29515.25,29752.51,29318.62,29730.10,0,0.00
2016/10/25,29680.82,29784.62,29615.69,29700.06,0,0.00
2016/10/26,29451.18,29591.60,29392.09,29397.83,0,0.00
2016/10/27,29379.40,29426.28,29020.36,29171.65,0,0.00
2016/10/28,29104.97,29210.92,28792.55,28936.29,0,0.00
2016/10/31,28791.85,29011.45,28684.58,28886.15,0,0.00
2016/11/01,29035.86,29268.47,29014.83,29137.02,0,0.00
2016/11/02,28871.01,28879.99,28670.89,28711.33,0,0.00
2016/11/03,28575.67,28740.12,28548.64,28548.64,0,0.00
2016/11/04,28481.65,28641.24,28414.07,28484.51,0,0.00
2016/11/07,28503.20,28842.41,28482.73,28757.29,0,0.00
2016/11/08,28989.94,29009.90,28784.41,28883.39,0,0.00
2016/11/09,28990.76,28990.76,27695.64,28261.61,0,0.00
2016/11/10,28804.67,28913.55,28735.76,28831.38,0,0.00
2016/11/11,28581.96,28620.70,28361.12,28488.11,0,0.00
2016/11/14,28152.93,28254.24,27931.70,28064.54,0,0.00
2016/11/15,28145.12,28319.84,28134.48,28226.15,0,0.00
2016/11/16,28389.35,28483.24,28212.81,28223.01,0,0.00
2016/11/17,28076.36,28307.55,27962.06,28148.80,0,0.00
2016/11/18,28112.57,28299.24,28022.22,28257.85,0,0.00
2016/11/21,28151.53,28431.76,28109.27,28272.00,0,0.00
2016/11/22,28447.67,28721.62,28444.26,28676.50,0,0.00
2016/11/23,28704.09,28824.22,28604.94,28655.62,0,0.00
2016/11/24,28521.42,28635.30,28438.27,28584.21,0,0.00
2016/11/25,28596.44,28773.10,28566.38,28716.39,0,0.00
2016/11/28,28794.74,29018.38,28761.87,28847.09,0,0.00
2016/11/29,28769.27,28889.67,28711.20,28711.20,0,0.00
2016/11/30,28790.23,28887.50,28724.44,28777.87,0,0.00
2016/12/01,28978.23,29052.81,28836.87,28882.44,0,0.00
2016/12/02,28641.51,28713.30,28473.20,28484.27,0,0.00
2016/12/05,28433.03,28584.53,28277.07,28425.27,0,0.00
2016/12/06,28695.95,28730.51,28582.98,28682.78,0,0.00
2016/12/07,28853.99,28930.65,28758.19,28883.44,0,0.00
2016/12/08,29235.96,29255.76,28845.65,28913.20,0,0.00
2016/12/09,28751.17,28822.50,28641.13,28771.29,0,0.00
2016/12/12,28911.19,28922.55,28305.85,28381.66,0,0.00
2016/12/13,28380.40,28415.17,28216.68,28395.02,0,0.00
2016/12/14,28597.78,28670.62,28430.93,28430.93,0,0.00
2016/12/15,28182.92,28259.48,27872.03,27953.20,0,0.00
2016/12/16,27908.89,28084.46,27854.11,27928.35,0,0.00
2016/12/19,27829.63,27833.71,27640.66,27700.56,0,0.00
2016/12/20,27659.74,27757.44,27464.61,27558.74,0,0.00
2016/12/21,27655.40,27802.79,27596.90,27679.96,0,0.00
2016/12/22,27704.21,27705.06,27415.98,27466.95,0,0.00
2016/12/23,27396.12,27415.06,27274.63,27377.06,0,0.00
2016/12/28,27375.37,27677.56,27264.83,27601.72,0,0.00
2016/12/29,27464.80,27699.94,27458.68,27672.99,0,0.00
2016/12/30,27722.93,28029.71,27722.93,27926.13,0,0.00
2017/01/03,27883.14,28121.41,27765.58,28078.55,0,0.00
2017/01/04,28125.19,28161.33,27961.68,28044.77,0,0.00
2017/01/05,28228.62,28530.17,28192.40,28486.27,0,0.00
2017/01/06,28619.83,28690.09,28471.24,28540.00,0,0.00
2017/01/09,28603.40,28695.38,28513.76,28625.23,0,0.00
2017/01/10,28635.44,28839.20,28589.24,28839.20,0,0.00
2017/01/11,28903.56,29096.26,28860.15,29090.99,0,0.00
2017/01/12,29108.47,29115.35,28825.63,28934.03,0,0.00
2017/01/13,28973.89,29094.49,28957.42,29055.60,0,0.00
2017/01/16,29016.74,29017.81,28694.77,28768.56,0,0.00
2017/01/17,28869.51,28992.51,28789.79,28951.35,0,0.00
2017/01/18,29005.72,29326.74,29005.72,29272.52,0,0.00
2017/01/19,29262.30,29262.30,29094.35,29236.27,0,0.00
2017/01/20,29141.26,29160.92,28992.53,29041.80,0,0.00
2017/01/23,29055.07,29251.04,28989.25,29041.22,0,0.00
2017/01/24,29107.98,29142.84,29030.91,29077.50,0,0.00
2017/01/25,29198.36,29248.69,29131.00,29241.17,0,0.00
2017/01/26,29396.12,29663.00,29370.09,29653.15,0,0.00
2017/01/27,29653.15,29684.97,29575.11,29637.21,0,0.00
2017/02/01,29424.53,29594.74,29275.35,29594.74,0,0.00
2017/02/02,29609.74,29737.72,29341.85,29405.01,0,0.00
2017/02/03,29429.68,29437.48,29148.33,29330.65,0,0.00
2017/02/06,29482.29,29632.35,29362.17,29632.35,0,0.00
2017/02/07,29549.14,29659.20,29504.13,29568.22,0,0.00
2017/02/08,29454.64,29728.62,29294.98,29689.37,0,0.00
2017/02/09,29761.19,29866.43,29646.79,29689.72,0,0.00
2017/02/10,29890.60,29930.82,29752.95,29752.95,0,0.00
2017/02/13,29854.50,29984.40,29810.00,29916.29,0,0.00
2017/02/14,29919.85,29970.16,29835.34,29931.07,0,0.00
2017/02/15,30033.47,30388.66,30033.47,30296.12,0,0.00
2017/02/16,30512.75,30533.80,30296.64,30500.42,0,0.00
2017/02/17,30516.85,30539.50,30334.18,30446.32,0,0.00
2017/02/20,30485.07,30663.92,30441.47,30588.92,0,0.00
2017/02/21,30623.10,30650.20,30211.33,30275.81,0,0.00
2017/02/22,30328.80,30539.36,30312.71,30539.36,0,0.00
2017/02/23,30410.43,30528.06,30323.18,30399.34,0,0.00
2017/02/24,30409.27,30409.27,30192.35,30214.63,0,0.00
2017/02/27,30193.28,30333.45,30052.56,30150.73,0,0.00
2017/02/28,30182.54,30238.77,29903.28,29903.28,0,0.00
2017/03/01,30040.65,30040.65,29884.17,29962.14,0,0.00
2017/03/02,30361.06,30361.06,29887.19,29915.84,0,0.00
2017/03/03,29774.40,29838.55,29661.11,29737.91,0,0.00
2017/03/06,29817.35,29903.64,29752.95,29781.40,0,0.00
2017/03/07,29793.77,29942.83,29770.80,29898.74,0,0.00
2017/03/08,29830.98,30041.34,29761.74,29997.77,0,0.00
2017/03/09,29872.33,29872.33,29624.99,29669.97,0,0.00
2017/03/10,29707.33,29783.69,29589.30,29747.15,0,0.00
2017/03/13,29806.05,30103.66,29754.80,30041.83,0,0.00
2017/03/14,30087.65,30134.76,29942.90,30009.03,0,0.00
2017/03/15,29842.20,30038.13,29802.53,29979.56,0,0.00
2017/03/16,30381.36,30607.31,30250.83,30607.31,0,0.00
2017/03/17,30680.95,30741.49,30581.77,30674.91,0,0.00
2017/03/20,30689.43,30928.27,30670.83,30928.27,0,0.00
2017/03/21,30984.76,31120.83,30927.20,31046.22,0,0.00
2017/03/22,30656.71,30784.13,30566.33,30685.15,0,0.00
2017/03/23,30719.17,30840.85,30578.31,30650.90,0,0.00
2017/03/24,30742.77,30776.25,30562.91,30675.21,0,0.00
2017/03/27,30569.04,30800.56,30432.15,30505.02,0,0.00
2017/03/28,30712.56,30728.32,30613.43,30703.61,0,0.00
2017/03/29,30873.00,30873.00,30716.85,30796.62,0,0.00
2017/03/30,30846.57,30849.53,30620.11,30672.56,0,0.00
2017/03/31,30693.25,30710.27,30431.40,30437.39,0,0.00
2017/04/03,30583.02,30618.69,30489.94,30602.84,0,0.00
2017/04/05,30720.78,30792.08,30498.63,30792.08,0,0.00
2017/04/06,30664.97,30764.55,30554.29,30634.51,0,0.00
2017/04/07,30536.74,30631.46,30288.75,30631.46,0,0.00
2017/04/10,30668.29,30698.04,30570.17,30629.09,0,0.00
2017/04/11,30672.72,30699.74,30320.38,30415.77,0,0.00
2017/04/12,30392.21,30734.96,30320.78,30734.96,0,0.00
2017/04/13,30561.00,30813.28,30561.00,30637.93,0,0.00
2017/04/18,30649.07,30649.07,30185.95,30214.98,0,0.00
2017/04/19,30175.70,30175.70,29972.12,30087.52,0,0.00
2017/04/20,30128.41,30406.74,30128.41,30405.29,0,0.00
2017/04/21,30536.13,30586.56,30321.65,30394.38,0,0.00
2017/04/24,30557.64,30617.46,30313.77,30535.09,0,0.00
2017/04/25,30648.59,30966.30,30645.03,30966.30,0,0.00
2017/04/26,31101.04,31238.58,31062.25,31139.98,0,0.00
2017/04/27,31247.78,31353.88,31008.93,31329.53,0,0.00
2017/04/28,31316.40,31316.40,31134.59,31210.40,0,0.00
2017/05/02,31368.56,31383.28,31182.57,31345.51,0,0.00
2017/05/04,31284.84,31367.18,31148.51,31367.18,0,0.00
2017/05/05,31293.97,31317.36,30989.09,31151.06,0,0.00
2017/05/08,31261.67,31334.40,31138.64,31268.22,0,0.00
2017/05/09,31347.08,31686.49,31260.01,31686.28,0,0.00
2017/05/10,31767.76,32053.97,31767.76,31839.18,0,0.00
2017/05/11,31924.18,32126.17,31856.49,32043.81,0,0.00
2017/05/12,32084.69,32192.90,32045.22,32127.21,0,0.00
2017/05/15,32241.53,32434.41,32233.26,32412.87,0,0.00
2017/05/16,32466.28,32472.92,32218.03,32366.64,0,0.00
2017/05/17,32389.20,32404.61,32212.31,32289.05,0,0.00
2017/05/18,31931.85,32298.41,31904.34,32119.70,0,0.00
2017/05/19,32155.97,32337.96,32130.31,32192.03,0,0.00
2017/05/22,32314.80,32606.63,32253.92,32529.59,0,0.00
2017/05/23,32584.19,32675.62,32403.29,32545.82,0,0.00
2017/05/24,32480.37,32546.40,32379.98,32539.23,0,0.00
2017/05/25,32629.44,32851.02,32607.95,32794.63,0,0.00
2017/05/26,32804.70,32917.95,32752.67,32819.27,0,0.00
2017/05/29,32801.35,32880.72,32706.11,32841.81,0,0.00
2017/05/31,32835.23,32973.38,32723.23,32739.28,0,0.00
2017/06/01,32766.89,32971.85,32654.70,32934.08,0,0.00
2017/06/02,33109.04,33146.05,32987.77,33055.72,0,0.00
2017/06/05,33138.18,33148.56,32876.28,32958.05,0,0.00
2017/06/06,32935.73,33148.89,32897.00,33128.21,0,0.00
2017/06/07,33207.23,33239.37,32975.11,33074.44,0,0.00
2017/06/08,33043.34,33172.63,33007.35,33163.70,0,0.00
2017/06/09,33176.11,33253.02,33044.24,33141.93,0,0.00
2017/06/12,32923.37,33078.86,32712.99,32730.14,0,0.00
2017/06/13,32861.74,32942.18,32786.24,32918.75,0,0.00
2017/06/14,32949.67,33019.96,32783.51,33019.96,0,0.00
2017/06/15,32785.86,32795.88,32606.13,32606.13,0,0.00
2017/06/16,32712.04,32836.03,32644.91,32711.09,0,0.00
2017/06/19,32912.38,33136.65,32874.30,33120.29,0,0.00
2017/06/20,33264.42,33283.97,33015.67,33034.08,0,0.00
2017/06/21,32799.83,33029.67,32705.30,32833.82,0,0.00
2017/06/22,32778.03,33053.66,32768.47,32813.08,0,0.00
2017/06/23,32852.26,32927.23,32770.62,32783.74,0,0.00
2017/06/26,32859.20,33024.26,32844.83,33024.26,0,0.00
2017/06/27,33037.18,33080.41,32914.68,32990.47,0,0.00
2017/06/28,32913.96,32954.83,32730.13,32777.04,0,0.00
2017/06/29,33083.30,33232.85,33026.36,33232.85,0,0.00
2017/06/30,32876.99,33086.03,32856.78,32988.66,0,0.00
2017/07/03,32833.65,33032.65,32833.65,32994.07,0,0.00
2017/07/04,32984.05,33058.40,32297.86,32477.14,0,0.00
2017/07/05,32384.21,32711.61,32178.20,32623.05,0,0.00
2017/07/06,32670.09,32721.10,32507.52,32534.99,0,0.00
2017/07/07,32417.76,32470.95,32355.81,32367.65,0,0.00
2017/07/10,32452.11,32770.18,32377.05,32604.29,0,0.00
2017/07/11,32769.69,33194.65,32764.76,33099.38,0,0.00
2017/07/12,33293.71,33454.85,33267.84,33343.89,0,0.00
2017/07/13,33752.89,33783.75,33614.38,33720.11,0,0.00
2017/07/14,33789.66,33789.66,33644.36,33743.81,0,0.00
2017/07/17,33960.27,34009.42,33698.92,33811.86,0,0.00
2017/07/18,33841.11,33897.81,33707.73,33874.77,0,0.00
2017/07/19,33902.36,34094.79,33881.41,34086.33,0,0.00
2017/07/20,34215.43,34235.35,34045.04,34159.66,0,0.00
2017/07/21,34206.72,34238.70,34073.88,34144.24,0,0.00
2017/07/24,34174.86,34366.74,34106.69,34335.02,0,0.00
2017/07/25,34322.28,34448.41,34302.12,34411.41,0,0.00
2017/07/26,34572.05,34632.30,34324.09,34534.36,0,0.00
2017/07/27,34637.56,34860.49,34587.40,34817.88,0,0.00
2017/07/28,34603.33,34678.93,34535.30,34593.65,0,0.00
2017/07/31,34714.08,35128.37,34714.08,35123.22,0,0.00
2017/08/01,35120.95,35456.96,35120.95,35417.02,0,0.00
2017/08/02,35556.94,35627.23,35386.62,35426.72,0,0.00
2017/08/03,35309.87,35401.33,35132.22,35321.79,0,0.00
2017/08/04,35367.01,35428.57,35293.91,35351.58,0,0.00
2017/08/07,35520.80,35603.31,35481.24,35557.35,0,0.00
2017/08/08,35530.61,35813.34,35483.88,35808.94,0,0.00
2017/08/09,35664.90,35816.91,35473.60,35609.02,0,0.00
2017/08/10,35565.08,35598.97,34968.66,35200.99,0,0.00
2017/08/11,34557.56,34806.26,34402.13,34422.55,0,0.00
2017/08/14,34685.97,34952.19,34642.91,34933.30,0,0.00
2017/08/15,35120.14,35213.56,34844.39,34844.39,0,0.00
2017/08/16,34989.65,35162.79,34969.04,35149.60,0,0.00
2017/08/17,35480.86,35480.86,35063.27,35107.87,0,0.00
2017/08/18,34727.50,35004.24,34647.45,34751.93,0,0.00
2017/08/21,34831.48,34936.09,34768.70,34826.82,0,0.00
2017/08/22,35039.72,35273.05,35039.72,35119.50,0,0.00
2017/08/23,35119.50,35119.50,35119.50,35119.50,0,0.00
2017/08/24,35445.57,35459.65,35268.29,35287.93,0,0.00
2017/08/25,35292.67,35767.27,35251.02,35735.82,0,0.00
2017/08/28,35776.15,35944.22,35610.84,35669.93,0,0.00
2017/08/29,35512.15,35622.07,35349.62,35517.06,0,0.00
2017/08/30,35774.72,35987.36,35733.73,35961.40,0,0.00
2017/08/31,35843.26,35910.00,35719.46,35858.87,0,0.00
2017/09/01,35923.04,36043.30,35778.97,35807.79,0,0.00
2017/09/04,35708.04,35729.92,35441.57,35535.84,0,0.00
2017/09/05,35581.68,35702.63,35462.60,35525.91,0,0.00
2017/09/06,35428.35,35453.20,35128.45,35381.75,0,0.00
2017/09/07,35589.22,35589.22,35176.14,35210.50,0,0.00
2017/09/08,35328.71,35424.39,35257.57,35390.88,0,0.00
2017/09/11,35644.98,35833.90,35644.98,35813.95,0,0.00
2017/09/12,35974.13,35990.73,35730.11,35850.27,0,0.00
2017/09/13,35857.26,35857.26,35581.78,35764.39,0,0.00
2017/09/14,35663.81,35762.10,35525.41,35626.44,0,0.00
2017/09/15,35558.38,35779.40,35288.38,35657.51,0,0.00
2017/09/18,35829.24,36082.85,35809.66,36081.20,0,0.00
2017/09/19,36127.05,36229.51,35948.61,35969.24,0,0.00
2017/09/20,36024.17,36083.33,35935.07,36029.72,0,0.00
2017/09/21,36004.01,36115.20,35945.01,36048.80,0,0.00
2017/09/22,35836.95,35902.17,35768.09,35803.25,0,0.00
2017/09/25,35711.27,35711.27,35393.38,35413.25,0,0.00
2017/09/26,35162.71,35463.75,35135.89,35402.22,0,0.00
2017/09/27,35401.37,35574.47,35401.37,35527.25,0,0.00
2017/09/28,35538.33,35540.36,35236.39,35236.39,0,0.00
2017/09/29,35335.41,35443.45,35210.45,35398.29,0,0.00
2017/10/03,35786.15,36217.28,35668.10,36196.74,0,0.00
2017/10/04,36399.18,36621.71,36397.49,36440.96,0,0.00
2017/10/06,36716.71,36716.71,36416.71,36519.19,0,0.00
2017/10/09,36491.56,36582.18,36315.66,36346.82,0,0.00
2017/10/10,36329.68,36595.32,36282.12,36558.30,0,0.00
2017/10/11,36699.36,36720.92,36396.37,36464.59,0,0.00
2017/10/12,36514.33,36646.05,36429.54,36528.91,0,0.00
2017/10/13,36448.12,36561.24,36404.29,36535.73,0,0.00
2017/10/16,36802.97,36950.69,36725.45,36824.49,0,0.00
2017/10/17,36868.64,36913.08,36755.84,36813.11,0,0.00
2017/10/18,36755.60,36857.19,36714.20,36847.58,0,0.00
2017/10/19,36958.24,36958.24,36117.82,36165.40,0,0.00
2017/10/20,36388.27,36589.70,36366.59,36549.71,0,0.00
2017/10/23,36653.44,36653.44,36278.18,36328.23,0,0.00
2017/10/24,36240.52,36415.32,36101.19,36165.39,0,0.00
2017/10/25,36285.39,36442.36,36212.38,36338.48,0,0.00
2017/10/26,36157.19,36346.37,36081.54,36191.75,0,0.00
2017/10/27,36341.90,36586.64,36341.90,36568.28,0,0.00
2017/10/30,36752.75,36874.96,36452.82,36452.82,0,0.00
2017/10/31,36322.00,36471.67,36249.29,36319.97,0,0.00
2017/11/01,36492.60,36833.44,36440.00,36823.78,0,0.00
2017/11/02,36848.73,36893.94,36675.35,36728.39,0,0.00
2017/11/03,36830.34,36923.72,36739.81,36842.13,0,0.00
2017/11/06,36681.25,36920.22,36279.44,36843.73,0,0.00
2017/11/07,37031.14,37403.25,37031.14,37374.69,0,0.00
2017/11/08,37279.71,37547.84,37194.79,37226.13,0,0.00
2017/11/09,37314.93,37648.48,37310.42,37528.52,0,0.00
2017/11/10,37477.57,37696.33,37427.33,37506.18,0,0.00
2017/11/13,37506.31,37715.99,37504.14,37588.97,0,0.00
2017/11/14,37752.53,37792.30,37496.45,37507.80,0,0.00
2017/11/15,37347.80,37452.70,37138.42,37138.42,0,0.00
2017/11/16,37290.40,37542.24,37198.43,37429.07,0,0.00
2017/11/17,37722.55,37883.99,37688.65,37780.84,0,0.00
2017/11/20,37864.54,37956.19,37658.61,37932.94,0,0.00
2017/11/21,38088.56,38712.95,38079.08,38712.95,0,0.00
2017/11/22,39096.71,39227.62,38835.53,38939.55,0,0.00
2017/11/23,38900.43,39146.06,38373.46,38504.16,0,0.00
2017/11/24,38592.64,38794.91,38502.11,38722.14,0,0.00
2017/11/27,38717.93,38717.93,38416.22,38503.23,0,0.00
2017/11/28,38275.25,38495.71,37999.52,38489.24,0,0.00
2017/11/29,38667.34,38667.34,38320.97,38369.61,0,0.00
2017/11/30,37945.49,37998.44,37715.16,37755.03,0,0.00
2017/12/01,37835.31,37968.87,37533.64,37538.90,0,0.00
2017/12/04,37302.60,37928.43,37167.84,37617.49,0,0.00
2017/12/05,37325.68,37580.23,37190.82,37190.82,0,0.00
2017/12/06,37223.85,37346.73,36467.83,36479.24,0,0.00
2017/12/07,36756.03,36874.63,36463.57,36680.22,0,0.00
2017/12/08,36761.59,37229.19,36761.59,37147.64,0,0.00
2017/12/11,37206.60,37713.72,37196.43,37662.00,0,0.00
2017/12/12,37730.80,37872.82,37373.52,37427.09,0,0.00
2017/12/13,37557.73,38090.07,37341.69,38004.05,0,0.00
2017/12/14,38191.41,38211.23,37758.92,37944.40,0,0.00
2017/12/15,37722.81,37737.61,37381.14,37519.16,0,0.00
2017/12/18,37702.21,37991.79,37493.95,37844.13,0,0.00
2017/12/19,38079.99,38248.89,38001.81,38151.80,0,0.00
2017/12/20,38087.48,38199.56,37986.53,38069.00,0,0.00
2017/12/21,38058.41,38344.94,37970.26,38260.30,0,0.00
2017/12/22,38405.64,38517.24,38303.52,38517.24,0,0.00
2017/12/27,38637.40,38687.24,38387.98,38477.13,0,0.00
2017/12/28,38588.58,38797.11,38553.39,38797.11,0,0.00
2017/12/29,38844.37,38965.80,38775.60,38884.61,0,0.00
2018/01/02,39112.82,39642.78,39079.95,39642.78,0,0.00
2018/01/03,39853.48,39912.35,39572.48,39694.08,0,0.00
2018/01/04,39880.35,40110.15,39736.95,40023.35,0,0.00
2018/01/05,40279.50,40279.50,39868.37,40061.08,0,0.00
2018/01/08,40145.61,40179.28,39856.98,40096.92,0,0.00
2018/01/09,40133.28,40385.45,40055.28,40298.21,0,0.00
2018/01/10,40312.41,40633.94,40188.80,40356.95,0,0.00
2018/01/11,40407.17,40434.09,40189.50,40341.11,0,0.00
2018/01/12,40621.70,40836.34,40456.41,40836.34,0,0.00
2018/01/15,41235.52,41382.65,40758.11,40828.34,0,0.00
2018/01/16,41012.52,41614.54,41012.52,41614.54,0,0.00
2018/01/17,41478.43,41788.72,41308.77,41788.72,0,0.00
2018/01/18,42091.37,42151.39,41673.40,42051.72,0,0.00
2018/01/19,42106.73,42169.74,41855.17,42169.74,0,0.00
2018/01/22,42120.25,42362.48,41902.04,42337.98,0,0.00
2018/01/23,42663.53,43140.54,42590.09,43140.54,0,0.00
2018/01/24,43122.88,43249.58,42877.61,43153.99,0,0.00
2018/01/25,43159.02,43170.68,42642.49,42648.64,0,0.00
2018/01/26,42928.77,43463.77,42901.36,43382.63,0,0.00
2018/01/29,43651.08,43843.90,43076.37,43201.48,0,0.00
2018/01/30,42979.83,43170.32,42569.51,42687.36,0,0.00
2018/01/31,42473.65,43144.29,42290.97,43054.25,0,0.00
2018/02/01,43104.98,43202.66,42689.08,42689.08,0,0.00
2018/02/02,42495.92,42838.76,42235.80,42551.16,0,0.00
2018/02/05,41369.26,42280.12,41362.50,42065.02,0,0.00
2018/02/06,40569.53,40810.14,39827.80,39865.67,0,0.00
2018/02/07,41020.28,41088.87,39581.74,39610.85,0,0.00
2018/02/08,39839.01,40128.95,39482.26,39784.81,0,0.00
2018/02/09,38674.65,38735.96,38029.80,38544.78,0,0.00
2018/02/12,38818.30,38962.60,38484.04,38484.04,0,0.00
2018/02/13,39098.53,39414.28,38935.20,39002.54,0,0.00
2018/02/14,39319.03,40098.71,39209.03,39939.31,0,0.00
2018/02/15,39939.31,40826.41,39939.31,40795.30,0,0.00
2018/02/20,40805.70,41135.29,40309.40,40407.15,0,0.00
2018/02/21,40628.38,41224.85,40429.80,41169.45,0,0.00
2018/02/22,40638.45,40803.87,40452.96,40452.96,0,0.00
2018/02/23,40852.16,40974.78,40674.68,40847.46,0,0.00
2018/02/26,41161.72,41241.83,40842.42,41084.89,0,0.00
2018/02/27,41413.62,41444.90,40601.09,40775.02,0,0.00
2018/02/28,40368.01,40417.34,40001.99,40143.06,0,0.00
2018/03/01,39666.80,40520.04,39658.67,40486.99,0,0.00
2018/03/02,39896.84,39995.17,39760.29,39850.30,0,0.00
2018/03/05,39742.99,39914.81,38884.27,38901.69,0,0.00

